"year","age","sex","population"
2026,0,"female",30501.1695810739
2026,1,"female",30490.4044641595
2026,2,"female",30070.5649044955
2026,3,"female",30113.6253721534
2026,4,"female",33170.9185758601
2026,5,"female",33143.2382239038
2026,6,"female",33272.4196268773
2026,7,"female",33918.3266417449
2026,8,"female",34176.6894476919
2026,9,"female",35134.7848530789
2026,10,"female",34917.5785979118
2026,11,"female",35681.9018988384
2026,12,"female",35907.9693540421
2026,13,"female",37156.7229161195
2026,14,"female",37511.9717742967
2026,15,"female",34802.2404623361
2026,16,"female",35148.7690944453
2026,17,"female",34465.6126482871
2026,18,"female",35267.5789111685
2026,19,"female",34366.6044676844
2026,20,"female",32324.6620762027
2026,21,"female",31671.2080842253
2026,22,"female",31621.703993924
2026,23,"female",30839.5393671632
2026,24,"female",31166.2663631519
2026,25,"female",32478.2763964678
2026,26,"female",33408.9532941326
2026,27,"female",32567.3837590102
2026,28,"female",34369.3326459782
2026,29,"female",35408.9185423059
2026,30,"female",36264.7994555009
2026,31,"female",37977.6409799265
2026,32,"female",38898.4170595311
2026,33,"female",40809.274945162
2026,34,"female",41829.0592053692
2026,35,"female",42758.156089262
2026,36,"female",42530.4372738759
2026,37,"female",41352.2399247045
2026,38,"female",40817.5957494503
2026,39,"female",38985.9444083015
2026,40,"female",37672.7677066242
2026,41,"female",37326.2390745149
2026,42,"female",36256.9507240064
2026,43,"female",35771.8106390535
2026,44,"female",34841.1337413887
2026,45,"female",33628.9070767709
2026,46,"female",32925.9489944922
2026,47,"female",32262.5941844545
2026,48,"female",31024.9919269215
2026,49,"female",30955.6862004997
2026,50,"female",30449.1733993119
2026,51,"female",31468.9576595191
2026,52,"female",32419.4361933044
2026,53,"female",33191.700002005
2026,54,"female",33963.9638107056
2026,55,"female",34323.4053348578
2026,56,"female",32808.5801716374
2026,57,"female",32739.2744452156
2026,58,"female",31937.3081823342
2026,59,"female",31471.9697335018
2026,60,"female",30658.1296031392
2026,61,"female",30974.9557810677
2026,62,"female",31786.8228620093
2026,63,"female",32351.1694914443
2026,64,"female",31965.037587094
2026,65,"female",30843.8377880109
2026,66,"female",29418.1199873329
2026,67,"female",28843.8725398376
2026,68,"female",27734.9809170881
2026,69,"female",26784.5023833027
2026,70,"female",25925.4723621797
2026,71,"female",24846.2831936109
2026,72,"female",23945.3087501269
2026,73,"female",22767.1114009555
2026,74,"female",21994.8475922549
2026,75,"female",20972.7610706833
2026,76,"female",20853.9512539601
2026,77,"female",19606.4481783669
2026,78,"female",19487.6383616437
2026,79,"female",18962.8950044497
2026,80,"female",15466.6322002644
2026,81,"female",14070.6168537672
2026,82,"female",12793.4113239931
2026,83,"female",11050.8673453867
2026,84,"female",11615.2139748217
2026,85,"female",10663.6971863671
2026,86,"female",9188.47529538782
2026,87,"female",7752.85667664956
2026,88,"female",6653.86587196027
2026,89,"female",5624.18079369282
2026,90,"female",4762.70135534294
2026,91,"female",3841.9252757384
2026,92,"female",3198.37210182124
2026,93,"female",2624.12465432594
2026,94,"female",2059.7780248909
2026,95,"female",5742.88234330907
2027,0,"female",30881.158563776
2027,1,"female",30902.9696052809
2027,2,"female",31001.1192920527
2027,3,"female",30641.2371072226
2027,4,"female",30739.3867939944
2027,5,"female",33870.0704059116
2027,6,"female",33837.3538436543
2027,7,"female",33979.1256134359
2027,8,"female",34633.4568585815
2027,9,"female",34895.1893566398
2027,10,"female",35875.0397315839
2027,11,"female",35656.9293165354
2027,12,"female",36442.1268107102
2027,13,"female",36692.953788016
2027,14,"female",37979.8052368025
2027,15,"female",34885.852296136
2027,16,"female",35163.1361746143
2027,17,"female",35450.3230487526
2027,18,"female",34667.9863916173
2027,19,"female",35430.5170574327
2027,20,"female",34422.9737722223
2027,21,"female",32323.5386923149
2027,22,"female",31669.9409787588
2027,23,"female",31679.8439744188
2027,24,"female",31055.9552478425
2027,25,"female",31709.078597734
2027,26,"female",32976.6620422064
2027,27,"female",34016.4765865002
2027,28,"female",33204.430942385
2027,29,"female",34996.8731568343
2027,30,"female",36020.6476501178
2027,31,"female",36852.4992855528
2027,32,"female",38545.9115434026
2027,33,"female",39466.890139777
2027,34,"female",41348.4593151657
2027,35,"female",42296.5901272229
2027,36,"female",43267.083701897
2027,37,"female",42999.7028190786
2027,38,"female",41761.8283615861
2027,39,"female",41197.3576089695
2027,40,"female",39276.6208050699
2027,41,"female",37969.4253779578
2027,42,"female",37583.2085472201
2027,43,"female",36474.0730333067
2027,44,"female",35929.40827201
2027,45,"female",34911.5021200993
2027,46,"female",33683.5306582667
2027,47,"female",32940.8059837711
2027,48,"female",32227.7902962554
2027,49,"female",30960.206851783
2027,50,"female",30851.3816574716
2027,51,"female",30356.2318744746
2027,52,"female",31386.1434231084
2027,53,"female",32336.8310064627
2027,54,"female",33119.167663598
2027,55,"female",33912.5299457158
2027,56,"female",34269.0377894736
2027,57,"female",32773.6854448226
2027,58,"female",32704.3644752031
2027,59,"female",31912.1248224078
2027,60,"female",31453.4531222426
2027,61,"female",30631.5044824676
2027,62,"female",30938.4973479257
2027,63,"female",31730.7370007209
2027,64,"female",32265.4987663577
2027,65,"female",31839.0636579236
2027,66,"female",30710.1221526904
2027,67,"female",29264.2847863391
2027,68,"female",28660.2020510827
2027,69,"female",27531.2605458495
2027,70,"female",26564.2151723999
2027,71,"female",25682.8485586652
2027,72,"female",24593.5190360717
2027,73,"female",23662.6374440373
2027,74,"female",22464.3749691845
2027,75,"female",21660.2665434014
2027,76,"female",20620.4519991077
2027,77,"female",20452.1010728887
2027,78,"female",19174.6146327564
2027,79,"female",18996.3607108775
2027,80,"female",18420.8991377391
2027,81,"female",14954.8506567599
2027,82,"female",13538.7222773884
2027,83,"female",12231.5268502763
2027,84,"female",10488.5996141268
2027,85,"female",10933.3479089252
2027,86,"female",9943.04834293114
2027,87,"female",8457.59899394006
2027,88,"female",7041.47061456858
2027,89,"female",5942.23809631518
2027,90,"female",4941.94309119347
2027,91,"female",4100.18846009852
2027,92,"female",3228.72484202376
2027,93,"female",2634.54510242733
2027,94,"female",2109.68633245049
2027,95,"female",5862.92168756793
2028,0,"female",31254.2970913396
2028,1,"female",31298.4750559854
2028,2,"female",31431.0089499228
2028,3,"female",31596.6763173445
2028,4,"female",31276.3860736625
2028,5,"female",31415.5398962958
2028,6,"female",34585.3088596307
2028,7,"female",34563.2198773078
2028,8,"female",34706.7982624066
2028,9,"female",35369.4677320933
2028,10,"female",35644.2936738611
2028,11,"female",36627.2533872297
2028,12,"female",36417.4080551623
2028,13,"female",37234.7004011093
2028,14,"female",37521.8571713068
2028,15,"female",34886.1747585026
2028,16,"female",35252.6694198599
2028,17,"female",35470.5851644508
2028,18,"female",35658.7851256884
2028,19,"female",34836.6484529137
2028,20,"female",35512.7492859303
2028,21,"female",34442.9810852115
2028,22,"female",32352.9709893627
2028,23,"female",31748.7500611789
2028,24,"female",31927.0447612987
2028,25,"female",31595.560011107
2028,26,"female",32219.5914615263
2028,27,"female",33606.3280180137
2028,28,"female",34666.1909576147
2028,29,"female",33853.9595459578
2028,30,"female",35620.0018434707
2028,31,"female",36620.4332163652
2028,32,"female",37442.5698891398
2028,33,"female",39126.4642791602
2028,34,"female",40027.8430408769
2028,35,"female",41839.9480450933
2028,36,"female",42810.6636346345
2028,37,"female",43751.6634408223
2028,38,"female",43424.789823936
2028,39,"female",42156.9164008619
2028,40,"female",41512.5682717141
2028,41,"female",39590.9476148674
2028,42,"female",38233.9268417333
2028,43,"female",37808.0006136693
2028,44,"female",36649.0850628906
2028,45,"female",36025.8268133614
2028,46,"female",34985.7743959959
2028,47,"female",33707.995711804
2028,48,"female",32915.5748223826
2028,49,"female",32172.6802385501
2028,50,"female",30867.5329772654
2028,51,"female",30768.4803660878
2028,52,"female",30273.2173101994
2028,53,"female",31303.3644664472
2028,54,"female",32274.0800559883
2028,55,"female",33075.0083732948
2028,56,"female",33867.4292627161
2028,57,"female",34233.9239240735
2028,58,"female",32748.1347564085
2028,59,"female",32688.7031897019
2028,60,"female",31891.6001076872
2028,61,"female",31426.0528351522
2028,62,"female",30594.0109012598
2028,63,"female",30891.1687347928
2028,64,"female",31653.8738408608
2028,65,"female",32141.0278749896
2028,66,"female",31705.1963858079
2028,67,"female",30556.1860961469
2028,68,"female",29090.2074507175
2028,69,"female",28456.2707391804
2028,70,"female",27312.1851586722
2028,71,"female",26331.5643080133
2028,72,"female",25420.2802851787
2028,73,"female",24310.8910399889
2028,74,"female",23350.0807115655
2028,75,"female",22130.2167903723
2028,76,"female",21298.1748564799
2028,77,"female",20228.406655761
2028,78,"female",20020.3961722879
2028,79,"female",18702.996443625
2028,80,"female",18464.4308056447
2028,81,"female",17830.4940941076
2028,82,"female",14403.2737473603
2028,83,"female",12957.1056241664
2028,84,"female",11619.8953732679
2028,85,"female",9885.79064214628
2028,86,"female",10202.7589979148
2028,87,"female",9162.70658054931
2028,88,"female",7696.72793511983
2028,89,"female",6309.99137863248
2028,90,"female",5230.24658694963
2028,91,"female",4259.53099740848
2028,92,"female",3457.20484686938
2028,93,"female",2664.78395744804
2028,94,"female",2119.99459597086
2028,95,"female",5983.0464318999
2029,0,"female",31579.4031728556
2029,1,"female",31635.2541265932
2029,2,"female",31791.6367970585
2029,3,"female",31992.7002305139
2029,4,"female",32216.1040454643
2029,5,"female",31938.912761725
2029,6,"female",32072.9550506952
2029,7,"female",35289.9699859809
2029,8,"female",35267.6296044859
2029,9,"female",35401.6718934561
2029,10,"female",36093.2600328892
2029,11,"female",36372.5148015772
2029,12,"female",37377.831968854
2029,13,"female",37176.7685353986
2029,14,"female",38048.0434137051
2029,15,"female",34061.1806380759
2029,16,"female",35270.0665148844
2029,17,"female",35577.2424344013
2029,18,"female",35696.1492419563
2029,19,"female",35844.7827514
2029,20,"female",34962.9400666707
2029,21,"female",35557.4741044454
2029,22,"female",34487.312836451
2029,23,"female",32455.9882073875
2029,24,"female",32029.9054803156
2029,25,"female",32461.3792097365
2029,26,"female",32144.29438959
2029,27,"female",32877.5530361788
2029,28,"female",34284.6169255789
2029,29,"female",35344.8692929438
2029,30,"female",34504.7659884976
2029,31,"female",36248.7324993033
2029,32,"female",37229.7136616316
2029,33,"female",38052.1524138865
2029,34,"female",39706.9388190261
2029,35,"female",40549.1490464292
2029,36,"female",42382.2956629012
2029,37,"female",43323.6412227111
2029,38,"female",44205.5333787436
2029,39,"female",43848.8129560788
2029,40,"female",42508.5343246709
2029,41,"female",41844.6379824892
2029,42,"female",39872.7667572031
2029,43,"female",38475.6117684326
2029,44,"female",37999.9845382128
2029,45,"female",36759.7429334415
2029,46,"female",36115.664392519
2029,47,"female",35015.7764226358
2029,48,"female",33687.9837382723
2029,49,"female",32865.5449860173
2029,50,"female",32087.0501206659
2029,51,"female",30798.8930388207
2029,52,"female",30699.8040325249
2029,53,"female",30214.2679016756
2029,54,"female",31254.7024677813
2029,55,"female",32241.9877440266
2029,56,"female",33044.6086950224
2029,57,"female",33847.2296460182
2029,58,"female",34213.8589693126
2029,59,"female",32737.4327755055
2029,60,"female",32671.9408323192
2029,61,"female",31879.2287819529
2029,62,"female",31403.6015517332
2029,63,"female",30561.344998219
2029,64,"female",30818.976414588
2029,65,"female",31546.2261713433
2029,66,"female",32021.8534015631
2029,67,"female",31556.1350719729
2029,68,"female",30376.9758970531
2029,69,"female",28900.549703246
2029,70,"female",28252.7805090048
2029,71,"female",27083.5302347145
2029,72,"female",26072.8223704976
2029,73,"female",25141.3857113172
2029,74,"female",24011.7710395453
2029,75,"female",23019.7570054538
2029,76,"female",21771.235526127
2029,77,"female",20909.1611713537
2029,78,"female",19809.2732014705
2029,79,"female",19541.7328844719
2029,80,"female",18193.5004139857
2029,81,"female",17876.4155938392
2029,82,"female",17172.8836491391
2029,83,"female",13793.948534453
2029,84,"female",12317.5223406458
2029,85,"female",10949.5871746166
2029,86,"female",9225.43846506997
2029,87,"female",9413.70757703196
2029,88,"female",8343.54630903752
2029,89,"female",6896.8468171191
2029,90,"female",5549.18347515931
2029,91,"female",4508.7489090536
2029,92,"female",3597.13005113241
2029,93,"female",2853.96250391405
2029,94,"female",2150.430559214
2029,95,"female",6084.26410915653
2030,0,"female",31582.6159682129
2030,1,"female",31638.4669219505
2030,2,"female",31804.8495924158
2030,3,"female",32025.9130258711
2030,4,"female",32279.3168408215
2030,5,"female",32489.5301283174
2030,6,"female",32253.5724172877
2030,7,"female",32730.5873525734
2030,8,"female",35608.2469710784
2030,9,"female",35592.2892600486
2030,10,"female",35803.3381926459
2030,11,"female",36442.5929613339
2030,12,"female",36807.9101286107
2030,13,"female",37706.8466951553
2030,14,"female",37648.1215734619
2030,15,"female",34188.8860177996
2030,16,"female",34467.7718946082
2030,17,"female",35634.9478141251
2030,18,"female",35843.85462168
2030,19,"female",35922.4881311237
2030,20,"female",35979.4266502239
2030,21,"female",34983.9606879986
2030,22,"female",35603.7994200042
2030,23,"female",34602.4747909407
2030,24,"female",32736.3920638688
2030,25,"female",32611.266146764
2030,26,"female",33104.1813266175
2030,27,"female",32877.4399732063
2030,28,"female",33634.5038626064
2030,29,"female",35034.7562299713
2030,30,"female",36086.011078884
2030,31,"female",35199.9775896898
2030,32,"female",36940.9587520181
2030,33,"female",37913.397504273
2030,34,"female",38698.1839094126
2030,35,"female",40291.6149168039
2030,36,"female",41134.7615332758
2030,37,"female",42936.1070930858
2030,38,"female",43817.9992491182
2030,39,"female",44671.2788264534
2030,40,"female",44236.874733181
2030,41,"female",42862.9783909993
2030,42,"female",42171.1071657132
2030,43,"female",40153.9521769427
2030,44,"female",38698.324946723
2030,45,"female",38134.555840179
2030,46,"female",36860.4772992564
2030,47,"female",36150.5893293732
2030,48,"female",35012.7966450097
2030,49,"female",33650.3578927547
2030,50,"female",32788.3304607911
2030,51,"female",32020.173378946
2030,52,"female",30721.0843726502
2030,53,"female",30635.5482418008
2030,54,"female",30145.9828079065
2030,55,"female",31207.2443791471
2030,56,"female",32199.8653301429
2030,57,"female",33012.4862811387
2030,58,"female",33819.1156044331
2030,59,"female",34212.689410626
2030,60,"female",32729.6386825183
2030,61,"female",32666.926632152
2030,62,"female",31861.2994019323
2030,63,"female",31379.0428484181
2030,64,"female",30496.6742647872
2030,65,"female",30720.1339379738
2030,66,"female",31425.7611681936
2030,67,"female",31880.0428386034
2030,68,"female",31390.8836636836
2030,69,"female",30194.4574698765
2030,70,"female",28684.3604106073
2030,71,"female",28015.110136317
2030,72,"female",26824.4022721001
2030,73,"female",25792.9656129197
2030,74,"female",24843.3509411478
2030,75,"female",23670.6279666958
2030,76,"female",22662.1064873689
2030,77,"female",21390.0321325956
2030,78,"female",20490.1441627124
2030,79,"female",19342.6038457138
2030,80,"female",19013.9790607274
2030,81,"female",17616.8942405809
2030,82,"female",17233.3622958809
2030,83,"female",16474.4271811947
2030,84,"female",13128.0009873876
2030,85,"female",11629.7461093348
2030,86,"female",10245.5973997882
2030,87,"female",8513.86651175017
2030,88,"female",8573.70524375572
2030,89,"female",7487.00575183731
2030,90,"female",6079.30907095128
2030,91,"female",4798.87450484557
2030,92,"female",3817.25564692438
2030,93,"female",2974.08809970601
2030,94,"female",2300.55615500596
2030,95,"female",6174.3897049485
2031,0,"female",31600.5436454272
2031,1,"female",31646.3945991648
2031,2,"female",31812.7772696301
2031,3,"female",32043.8407030855
2031,4,"female",32317.2445180359
2031,5,"female",32561.9005482729
2031,6,"female",32805.9428372432
2031,7,"female",32902.9577725289
2031,8,"female",33040.6173910339
2031,9,"female",35934.6596800041
2031,10,"female",35985.3850885
2031,11,"female",36154.639857188
2031,12,"female",36869.9570244648
2031,13,"female",37128.8935910094
2031,14,"female",38170.168469316
2031,15,"female",33795.5092456339
2031,16,"female",34594.3951224424
2031,17,"female",34831.5710419594
2031,18,"female",35890.4778495143
2031,19,"female",36059.111358958
2031,20,"female",36037.3186003559
2031,21,"female",36011.8526381306
2031,22,"female",35041.6913701361
2031,23,"female",35730.3667410726
2031,24,"female",34894.2840140007
2031,25,"female",33361.1983089805
2031,26,"female",33234.113488834
2031,27,"female",33817.3721354228
2031,28,"female",33624.4360248229
2031,29,"female",34364.6883921877
2031,30,"female",35766.7581331159
2031,31,"female",36760.7246439217
2031,32,"female",35871.7058062499
2031,33,"female",37604.1445585049
2031,34,"female",38548.9309636445
2031,35,"female",39261.0944390287
2031,36,"female",40864.2410555006
2031,37,"female",41675.5866153105
2031,38,"female",43427.478771343
2031,39,"female",44280.7583486782
2031,40,"female",45047.8789782871
2031,41,"female",44593.9826361054
2031,42,"female",43182.1114108193
2031,43,"female",42444.9564220488
2031,44,"female",40369.329191829
2031,45,"female",38817.4435842214
2031,46,"female",38223.3650432988
2031,47,"female",36893.4770734156
2031,48,"female",36145.6843890522
2031,49,"female",34973.2456367972
2031,50,"female",33569.0986648663
2031,51,"female",32720.9415830211
2031,52,"female",31941.8525767253
2031,53,"female",30656.316445876
2031,54,"female",30566.7510119817
2031,55,"female",30110.3983602194
2031,56,"female",31173.0193112152
2031,57,"female",32165.640262211
2031,58,"female",32992.2695855054
2031,59,"female",33825.8433916983
2031,60,"female",34204.2573926378
2031,61,"female",32721.5453422715
2031,62,"female",32645.9181120517
2031,63,"female",31833.6615585376
2031,64,"female",31311.2929749066
2031,65,"female",30402.4785979521
2031,66,"female",30608.1058281719
2031,67,"female",31282.3874985817
2031,68,"female",31703.2283236619
2031,69,"female",31196.8021298547
2031,70,"female",29975.3083515688
2031,71,"female",28456.0580772785
2031,72,"female",27755.3502130616
2031,73,"female",26543.9135538812
2031,74,"female",25484.2988821093
2031,75,"female",24501.1505434409
2031,76,"female",23312.6290641141
2031,77,"female",22260.5547093408
2031,78,"female",20960.6667394576
2031,79,"female",20013.126422459
2031,80,"female",18834.2662487725
2031,81,"female",18427.181428626
2031,82,"female",16993.649483926
2031,83,"female",16544.7143692398
2031,84,"female",15698.2881754326
2031,85,"female",12399.8414701657
2031,86,"female",10875.6927606191
2031,87,"female",9463.96187258109
2031,88,"female",7763.80060458665
2031,89,"female",7707.10111266823
2031,90,"female",6609.38442842646
2031,91,"female",5268.94986232075
2031,92,"female",4067.33100439956
2031,93,"female",3154.16345718119
2031,94,"female",2400.63151248114
2031,95,"female",6374.46506242368
2032,0,"female",31624.2432281273
2032,1,"female",31650.0941818649
2032,2,"female",31806.4768523301
2032,3,"female",32037.5402857855
2032,4,"female",32330.9441007359
2032,5,"female",32597.6734109188
2032,6,"female",32871.7156998891
2032,7,"female",33458.7306351748
2032,8,"female",33216.3902536798
2032,9,"female",33360.43254265
2032,10,"female",36321.0069732319
2032,11,"female",36340.2617419199
2032,12,"female",36575.5789091967
2032,13,"female",37194.5154757413
2032,14,"female",37595.7903540478
2032,15,"female",34313.2667519566
2032,16,"female",34192.1526287651
2032,17,"female",34939.328548282
2032,18,"female",35078.235355837
2032,19,"female",36096.8688652806
2032,20,"female",36156.3348437508
2032,21,"female",36070.8688815255
2032,22,"female",36070.707613531
2032,23,"female",35169.3829844675
2032,24,"female",36013.3002573956
2032,25,"female",35535.1666513482
2032,26,"female",33968.0818312017
2032,27,"female",33941.3404777905
2032,28,"female",34548.4043671906
2032,29,"female",34348.6567345554
2032,30,"female",35081.1067584242
2032,31,"female",36425.0732692299
2032,32,"female",37426.0544315582
2032,33,"female",36528.4931838132
2032,34,"female",38223.2795889527
2032,35,"female",39090.1848827335
2032,36,"female",39823.3314992055
2032,37,"female",41404.6770590154
2032,38,"female",42166.5692150479
2032,39,"female",43879.8487923831
2032,40,"female",44643.01429267
2032,41,"female",45399.1179504882
2032,42,"female",44907.2467252022
2032,43,"female",43460.0917364316
2032,44,"female",42654.4645062119
2032,45,"female",40478.7911981079
2032,46,"female",38914.7126571853
2032,47,"female",38264.8246873021
2032,48,"female",36887.0320029386
2032,49,"female",36104.5932506837
2032,50,"female",34889.4571601013
2032,51,"female",33501.3000782562
2032,52,"female",32642.2110719604
2032,53,"female",31876.6749411111
2032,54,"female",30587.1095072168
2032,55,"female",30531.8702180531
2032,56,"female",30074.4911690489
2032,57,"female",31147.1121200448
2032,58,"female",32153.7414433392
2032,59,"female",32997.315249532
2032,60,"female",33816.4127906935
2032,61,"female",34193.7007403272
2032,62,"female",32708.0735101075
2032,63,"female",32615.8169565933
2032,64,"female",31763.4483729624
2032,65,"female",31213.5727726087
2032,66,"female",30289.2000028284
2032,67,"female",30473.4816732382
2032,68,"female",31124.3224983184
2032,69,"female",31517.8963045113
2032,70,"female",30975.7507240175
2032,71,"female",29736.5004497272
2032,72,"female",28195.7925855103
2032,73,"female",27474.3559263299
2032,74,"female",26234.741254558
2032,75,"female",25141.3944125886
2032,76,"female",24132.8729332618
2032,77,"female",22910.7985784885
2032,78,"female",21830.9106086053
2032,79,"female",20483.3702916067
2032,80,"female",19494.4002698602
2032,81,"female",18257.3154497137
2032,82,"female",17783.7835050137
2032,83,"female",16324.8483903275
2032,84,"female",15768.4221965203
2032,85,"female",14829.8859718868
2032,86,"female",11605.7372623402
2032,87,"female",10054.0063743022
2032,88,"female",8633.84510630775
2032,89,"female",6987.14561438933
2032,90,"female",6809.41959524821
2032,91,"female",5728.9850291425
2032,92,"female",4467.36617122131
2032,93,"female",3364.19862400294
2032,94,"female",2560.66667930289
2032,95,"female",6604.50022924543
2033,0,"female",31674.2432281273
2033,1,"female",31680.0941818649
2033,2,"female",31816.4768523301
2033,3,"female",32037.5402857855
2033,4,"female",32320.9441007359
2033,5,"female",32597.6734109188
2033,6,"female",32901.7156998891
2033,7,"female",33518.7306351748
2033,8,"female",33756.3902536798
2033,9,"female",33530.43254265
2033,10,"female",33751.0069732319
2033,11,"female",36660.2617419199
2033,12,"female",36755.5789091967
2033,13,"female",36904.5154757413
2033,14,"female",37655.7903540478
2033,15,"female",33733.2667519566
2033,16,"female",34702.1526287651
2033,17,"female",34539.328548282
2033,18,"female",35188.235355837
2033,19,"female",35276.8688652806
2033,20,"female",36186.3348437508
2033,21,"female",36190.8688815255
2033,22,"female",36130.707613531
2033,23,"female",36209.3829844675
2033,24,"female",35463.3002573956
2033,25,"female",36665.1666513482
2033,26,"female",36138.0818312017
2033,27,"female",34671.3404777905
2033,28,"female",34658.4043671906
2033,29,"female",35258.6567345554
2033,30,"female",35051.1067584242
2033,31,"female",35735.0732692299
2033,32,"female",37076.0544315582
2033,33,"female",38058.4931838132
2033,34,"female",37133.2795889527
2033,35,"female",38750.1848827335
2033,36,"female",39653.3314992055
2033,37,"female",40354.6770590154
2033,38,"female",41886.5692150479
2033,39,"female",42609.8487923831
2033,40,"female",44233.01429267
2033,41,"female",44989.1179504882
2033,42,"female",45707.2467252022
2033,43,"female",45170.0917364316
2033,44,"female",43664.4645062119
2033,45,"female",42758.7911981079
2033,46,"female",40574.7126571853
2033,47,"female",38954.8246873021
2033,48,"female",38257.0320029386
2033,49,"female",36844.5932506837
2033,50,"female",36019.4571601013
2033,51,"female",34821.3000782562
2033,52,"female",33422.2110719604
2033,53,"female",32576.6749411111
2033,54,"female",31817.1095072168
2033,55,"female",30561.8702180531
2033,56,"female",30504.4911690489
2033,57,"female",30057.1121200448
2033,58,"female",31133.7414433392
2033,59,"female",32167.315249532
2033,60,"female",32996.4127906935
2033,61,"female",33813.7007403272
2033,62,"female",34168.0735101075
2033,63,"female",32675.8169565933
2033,64,"female",32553.4483729624
2033,65,"female",31663.5727726087
2033,66,"female",31099.2000028284
2033,67,"female",30163.4816732382
2033,68,"female",30324.3224983184
2033,69,"female",30947.8963045113
2033,70,"female",31295.7507240175
2033,71,"female",30736.5004497272
2033,72,"female",29475.7925855103
2033,73,"female",27914.3559263299
2033,74,"female",27154.741254558
2033,75,"female",25891.3944125886
2033,76,"female",24772.8729332618
2033,77,"female",23730.7985784885
2033,78,"female",22470.9106086053
2033,79,"female",21343.3702916067
2033,80,"female",19964.4002698602
2033,81,"female",18917.3154497137
2033,82,"female",17633.7835050137
2033,83,"female",17094.8483903275
2033,84,"female",15568.4221965203
2033,85,"female",14909.8859718868
2033,86,"female",13895.7372623402
2033,87,"female",10744.0063743022
2033,88,"female",9193.84510630775
2033,89,"female",7777.14561438933
2033,90,"female",6179.41959524821
2033,91,"female",5908.9850291425
2033,92,"female",4867.36617122131
2033,93,"female",3704.19862400294
2033,94,"female",2730.66667930289
2033,95,"female",6894.50022924543
2034,0,"female",31754.2432281273
2034,1,"female",31730.0941818649
2034,2,"female",31846.4768523301
2034,3,"female",32047.5402857855
2034,4,"female",32320.9441007359
2034,5,"female",32597.6734109188
2034,6,"female",32911.7156998891
2034,7,"female",33548.7306351748
2034,8,"female",33816.3902536798
2034,9,"female",34080.43254265
2034,10,"female",33921.0069732319
2034,11,"female",34090.2617419199
2034,12,"female",37085.5789091967
2034,13,"female",37074.5154757413
2034,14,"female",37365.7903540478
2034,15,"female",33793.2667519566
2034,16,"female",34122.1526287651
2034,17,"female",35049.328548282
2034,18,"female",34778.235355837
2034,19,"female",35386.8688652806
2034,20,"female",35366.3348437508
2034,21,"female",36230.8688815255
2034,22,"female",36250.707613531
2034,23,"female",36269.3829844675
2034,24,"female",36503.3002573956
2034,25,"female",36115.1666513482
2034,26,"female",37268.0818312017
2034,27,"female",36831.3404777905
2034,28,"female",35388.4043671906
2034,29,"female",35378.6567345554
2034,30,"female",35971.1067584242
2034,31,"female",35705.0732692299
2034,32,"female",36386.0544315582
2034,33,"female",37718.4931838132
2034,34,"female",38673.2795889527
2034,35,"female",37670.1848827335
2034,36,"female",39313.3314992055
2034,37,"female",40184.6770590154
2034,38,"female",40836.5692150479
2034,39,"female",42329.8487923831
2034,40,"female",42973.01429267
2034,41,"female",44579.1179504882
2034,42,"female",45307.2467252022
2034,43,"female",45980.0917364316
2034,44,"female",45384.4645062119
2034,45,"female",43768.7911981079
2034,46,"female",42854.7126571853
2034,47,"female",40614.8246873021
2034,48,"female",38947.0320029386
2034,49,"female",38214.5932506837
2034,50,"female",36769.4571601013
2034,51,"female",35951.3000782562
2034,52,"female",34742.2110719604
2034,53,"female",33356.6749411111
2034,54,"female",32517.1095072168
2034,55,"female",31781.8702180531
2034,56,"female",30524.4911690489
2034,57,"female",30477.1121200448
2034,58,"female",30053.7414433392
2034,59,"female",31157.315249532
2034,60,"female",32166.4127906935
2034,61,"female",32993.7007403272
2034,62,"female",33798.0735101075
2034,63,"female",34135.8169565933
2034,64,"female",32613.4483729624
2034,65,"female",32453.5727726087
2034,66,"female",31559.2000028284
2034,67,"female",30973.4816732382
2034,68,"female",30024.3224983184
2034,69,"female",30157.8963045113
2034,70,"female",30735.7507240175
2034,71,"female",31066.5004497272
2034,72,"female",30465.7925855103
2034,73,"female",29184.3559263299
2034,74,"female",27594.741254558
2034,75,"female",26811.3944125886
2034,76,"female",25522.8729332618
2034,77,"female",24370.7985784885
2034,78,"female",23280.9106086053
2034,79,"female",21983.3702916067
2034,80,"female",20804.4002698602
2034,81,"female",19377.3154497137
2034,82,"female",18273.7835050137
2034,83,"female",16964.8483903275
2034,84,"female",16318.4221965203
2034,85,"female",14739.8859718868
2034,86,"female",13985.7372623402
2034,87,"female",12874.0063743022
2034,88,"female",9823.84510630775
2034,89,"female",8287.14561438933
2034,90,"female",6889.41959524821
2034,91,"female",5368.9850291425
2034,92,"female",5017.36617122131
2034,93,"female",4044.19862400294
2034,94,"female",3000.66667930289
2034,95,"female",7264.50022924543
2035,0,"female",31874.2432281273
2035,1,"female",31810.0941818649
2035,2,"female",31896.4768523301
2035,3,"female",32077.5402857855
2035,4,"female",32330.9441007359
2035,5,"female",32597.6734109188
2035,6,"female",32911.7156998891
2035,7,"female",33558.7306351748
2035,8,"female",33856.3902536798
2035,9,"female",34140.43254265
2035,10,"female",34471.0069732319
2035,11,"female",34270.2617419199
2035,12,"female",34515.5789091967
2035,13,"female",37404.5154757413
2035,14,"female",37545.7903540478
2035,15,"female",33503.2667519566
2035,16,"female",34192.1526287651
2035,17,"female",34469.328548282
2035,18,"female",35298.235355837
2035,19,"female",34986.8688652806
2035,20,"female",35476.3348437508
2035,21,"female",35410.8688815255
2035,22,"female",36290.707613531
2035,23,"female",36399.3829844675
2035,24,"female",36563.3002573956
2035,25,"female",37165.1666513482
2035,26,"female",36728.0818312017
2035,27,"female",37971.3404777905
2035,28,"female",37558.4043671906
2035,29,"female",36108.6567345554
2035,30,"female",36091.1067584242
2035,31,"female",36625.0732692299
2035,32,"female",36356.0544315582
2035,33,"female",37038.4931838132
2035,34,"female",38333.2795889527
2035,35,"female",39210.1848827335
2035,36,"female",38233.3314992055
2035,37,"female",39854.6770590154
2035,38,"female",40666.5692150479
2035,39,"female",41289.8487923831
2035,40,"female",42693.01429267
2035,41,"female",43319.1179504882
2035,42,"female",44907.2467252022
2035,43,"female",45580.0917364316
2035,44,"female",46184.4645062119
2035,45,"female",45488.7911981079
2035,46,"female",43864.7126571853
2035,47,"female",42894.8246873021
2035,48,"female",40607.0320029386
2035,49,"female",38904.5932506837
2035,50,"female",38129.4571601013
2035,51,"female",36691.3000782562
2035,52,"female",35872.2110719604
2035,53,"female",34676.6749411111
2035,54,"female",33297.1095072168
2035,55,"female",32481.8702180531
2035,56,"female",31744.4911690489
2035,57,"female",30507.1121200448
2035,58,"female",30483.7414433392
2035,59,"female",30077.315249532
2035,60,"female",31166.4127906935
2035,61,"female",32173.7007403272
2035,62,"female",32988.0735101075
2035,63,"female",33765.8169565933
2035,64,"female",34073.4483729624
2035,65,"female",32513.5727726087
2035,66,"female",32349.2000028284
2035,67,"female",31433.4816732382
2035,68,"female",30834.3224983184
2035,69,"female",29857.8963045113
2035,70,"female",29955.7507240175
2035,71,"female",30506.5004497272
2035,72,"female",30795.7925855103
2035,73,"female",30174.3559263299
2035,74,"female",28864.741254558
2035,75,"female",27251.3944125886
2035,76,"female",26432.8729332618
2035,77,"female",25110.7985784885
2035,78,"female",23920.9106086053
2035,79,"female",22783.3702916067
2035,80,"female",21444.4002698602
2035,81,"female",20207.3154497137
2035,82,"female",18733.7835050137
2035,83,"female",17584.8483903275
2035,84,"female",16198.4221965203
2035,85,"female",15449.8859718868
2035,86,"female",13835.7372623402
2035,87,"female",12964.0063743022
2035,88,"female",11783.8451063077
2035,89,"female",8867.14561438933
2035,90,"female",7339.41959524821
2035,91,"female",5988.9850291425
2035,92,"female",4567.36617122131
2035,93,"female",4174.19862400294
2035,94,"female",3280.66667930289
2035,95,"female",7754.50022924543
2036,0,"female",32034.2432281273
2036,1,"female",31930.0941818649
2036,2,"female",31986.4768523301
2036,3,"female",32127.5402857855
2036,4,"female",32360.9441007359
2036,5,"female",32617.6734109188
2036,6,"female",32921.7156998891
2036,7,"female",33558.7306351748
2036,8,"female",33866.3902536798
2036,9,"female",34180.43254265
2036,10,"female",34531.0069732319
2036,11,"female",34820.2617419199
2036,12,"female",34695.5789091967
2036,13,"female",34844.5154757413
2036,14,"female",37875.7903540478
2036,15,"female",33683.2667519566
2036,16,"female",33902.1526287651
2036,17,"female",34539.328548282
2036,18,"female",34718.235355837
2036,19,"female",35506.8688652806
2036,20,"female",35086.3348437508
2036,21,"female",35530.8688815255
2036,22,"female",35480.707613531
2036,23,"female",36439.3829844675
2036,24,"female",36703.3002573956
2036,25,"female",37225.1666513482
2036,26,"female",37778.0818312017
2036,27,"female",37431.3404777905
2036,28,"female",38698.4043671906
2036,29,"female",38278.6567345554
2036,30,"female",36821.1067584242
2036,31,"female",36745.0732692299
2036,32,"female",37286.0544315582
2036,33,"female",37008.4931838132
2036,34,"female",37653.2795889527
2036,35,"female",38870.1848827335
2036,36,"female",39783.3314992055
2036,37,"female",38784.6770590154
2036,38,"female",40346.5692150479
2036,39,"female",41129.8487923831
2036,40,"female",41653.01429267
2036,41,"female",43049.1179504882
2036,42,"female",43647.2467252022
2036,43,"female",45180.0917364316
2036,44,"female",45794.4645062119
2036,45,"female",46298.7911981079
2036,46,"female",45584.7126571853
2036,47,"female",43904.8246873021
2036,48,"female",42887.0320029386
2036,49,"female",40564.5932506837
2036,50,"female",38819.4571601013
2036,51,"female",38061.3000782562
2036,52,"female",36622.2110719604
2036,53,"female",35806.6749411111
2036,54,"female",34607.1095072168
2036,55,"female",33261.8702180531
2036,56,"female",32454.4911690489
2036,57,"female",31727.1121200448
2036,58,"female",30513.7414433392
2036,59,"female",30507.315249532
2036,60,"female",30096.4127906935
2036,61,"female",31173.7007403272
2036,62,"female",32178.0735101075
2036,63,"female",32975.8169565933
2036,64,"female",33713.4483729624
2036,65,"female",33973.5727726087
2036,66,"female",32409.2000028284
2036,67,"female",32223.4816732382
2036,68,"female",31294.3224983184
2036,69,"female",30667.8963045113
2036,70,"female",29665.7507240175
2036,71,"female",29746.5004497272
2036,72,"female",30255.7925855103
2036,73,"female",30514.3559263299
2036,74,"female",29854.741254558
2036,75,"female",28511.3944125886
2036,76,"female",26882.8729332618
2036,77,"female",26010.7985784885
2036,78,"female",24650.9106086053
2036,79,"female",23413.3702916067
2036,80,"female",22234.4002698602
2036,81,"female",20837.3154497137
2036,82,"female",19543.7835050137
2036,83,"female",18034.8483903275
2036,84,"female",16808.4221965203
2036,85,"female",15349.8859718868
2036,86,"female",14515.7372623402
2036,87,"female",12834.0063743022
2036,88,"female",11883.8451063077
2036,89,"female",10637.1456143893
2036,90,"female",7869.41959524821
2036,91,"female",6388.9850291425
2036,92,"female",5097.36617122131
2036,93,"female",3804.19862400294
2036,94,"female",3390.66667930289
2036,95,"female",8354.50022924543
2037,0,"female",32214.2432281273
2037,1,"female",32090.0941818649
2037,2,"female",32106.4768523301
2037,3,"female",32217.5402857855
2037,4,"female",32420.9441007359
2037,5,"female",32647.6734109188
2037,6,"female",32931.7156998891
2037,7,"female",33568.7306351748
2037,8,"female",33876.3902536798
2037,9,"female",34190.43254265
2037,10,"female",34571.0069732319
2037,11,"female",34880.2617419199
2037,12,"female",35245.5789091967
2037,13,"female",35024.5154757413
2037,14,"female",35315.7903540478
2037,15,"female",34023.2667519566
2037,16,"female",34082.1526287651
2037,17,"female",34249.328548282
2037,18,"female",34788.235355837
2037,19,"female",34926.8688652806
2037,20,"female",35596.3348437508
2037,21,"female",35130.8688815255
2037,22,"female",35600.707613531
2037,23,"female",35629.3829844675
2037,24,"female",36743.3002573956
2037,25,"female",37365.1666513482
2037,26,"female",37848.0818312017
2037,27,"female",38481.3404777905
2037,28,"female",38168.4043671906
2037,29,"female",39428.6567345554
2037,30,"female",38991.1067584242
2037,31,"female",37485.0732692299
2037,32,"female",37406.0544315582
2037,33,"female",37938.4931838132
2037,34,"female",37633.2795889527
2037,35,"female",38200.1848827335
2037,36,"female",39443.3314992055
2037,37,"female",40324.6770590154
2037,38,"female",39266.5692150479
2037,39,"female",40799.8487923831
2037,40,"female",41493.01429267
2037,41,"female",42019.1179504882
2037,42,"female",43377.2467252022
2037,43,"female",43930.0917364316
2037,44,"female",45394.4645062119
2037,45,"female",45908.7911981079
2037,46,"female",46394.7126571853
2037,47,"female",45624.8246873021
2037,48,"female",43897.0320029386
2037,49,"female",42834.5932506837
2037,50,"female",40479.4571601013
2037,51,"female",38751.3000782562
2037,52,"female",37982.2110719604
2037,53,"female",36556.6749411111
2037,54,"female",35737.1095072168
2037,55,"female",34581.8702180531
2037,56,"female",33234.4911690489
2037,57,"female",32437.1121200448
2037,58,"female",31733.7414433392
2037,59,"female",30537.315249532
2037,60,"female",30516.4127906935
2037,61,"female",30113.7007403272
2037,62,"female",31178.0735101075
2037,63,"female",32165.8169565933
2037,64,"female",32923.4483729624
2037,65,"female",33613.5727726087
2037,66,"female",33869.2000028284
2037,67,"female",32293.4816732382
2037,68,"female",32084.3224983184
2037,69,"female",31137.8963045113
2037,70,"female",30475.7507240175
2037,71,"female",29466.5004497272
2037,72,"female",29505.7925855103
2037,73,"female",29984.3559263299
2037,74,"female",30194.741254558
2037,75,"female",29491.3944125886
2037,76,"female",28122.8729332618
2037,77,"female",26460.7985784885
2037,78,"female",25550.9106086053
2037,79,"female",24143.3702916067
2037,80,"female",22864.4002698602
2037,81,"female",21617.3154497137
2037,82,"female",20163.7835050137
2037,83,"female",18834.8483903275
2037,84,"female",17248.4221965203
2037,85,"female",15939.8859718868
2037,86,"female",14435.7372623402
2037,87,"female",13474.0063743022
2037,88,"female",11773.8451063077
2037,89,"female",10737.1456143893
2037,90,"female",9449.41959524821
2037,91,"female",6848.9850291425
2037,92,"female",5447.36617122131
2037,93,"female",4254.19862400294
2037,94,"female",3100.66667930289
2037,95,"female",8904.50022924543
2038,0,"female",32424.2432281273
2038,1,"female",32280.0941818649
2038,2,"female",32266.4768523301
2038,3,"female",32347.5402857855
2038,4,"female",32510.9441007359
2038,5,"female",32707.6734109188
2038,6,"female",32961.7156998891
2038,7,"female",33588.7306351748
2038,8,"female",33876.3902536798
2038,9,"female",34200.43254265
2038,10,"female",34591.0069732319
2038,11,"female",34920.2617419199
2038,12,"female",35315.5789091967
2038,13,"female",35574.5154757413
2038,14,"female",35485.7903540478
2038,15,"female",31453.2667519566
2038,16,"female",34422.1526287651
2038,17,"female",34429.328548282
2038,18,"female",34498.235355837
2038,19,"female",34996.8688652806
2038,20,"female",35026.3348437508
2038,21,"female",35650.8688815255
2038,22,"female",35200.707613531
2038,23,"female",35749.3829844675
2038,24,"female",35943.3002573956
2038,25,"female",37415.1666513482
2038,26,"female",37988.0818312017
2038,27,"female",38561.3404777905
2038,28,"female",39218.4043671906
2038,29,"female",38888.6567345554
2038,30,"female",40141.1067584242
2038,31,"female",39665.0732692299
2038,32,"female",38146.0544315582
2038,33,"female",38068.4931838132
2038,34,"female",38563.2795889527
2038,35,"female",38180.1848827335
2038,36,"female",38773.3314992055
2038,37,"female",39994.6770590154
2038,38,"female",40816.5692150479
2038,39,"female",39729.8487923831
2038,40,"female",41173.01429267
2038,41,"female",41859.1179504882
2038,42,"female",42347.2467252022
2038,43,"female",43660.0917364316
2038,44,"female",44144.4645062119
2038,45,"female",45508.7911981079
2038,46,"female",46004.7126571853
2038,47,"female",46434.8246873021
2038,48,"female",45617.0320029386
2038,49,"female",43854.5932506837
2038,50,"female",42759.4571601013
2038,51,"female",40411.3000782562
2038,52,"female",38682.2110719604
2038,53,"female",37916.6749411111
2038,54,"female",36487.1095072168
2038,55,"female",35711.8702180531
2038,56,"female",34544.4911690489
2038,57,"female",33217.1121200448
2038,58,"female",32433.7414433392
2038,59,"female",31757.315249532
2038,60,"female",30556.4127906935
2038,61,"female",30543.7007403272
2038,62,"female",30128.0735101075
2038,63,"female",31175.8169565933
2038,64,"female",32123.4483729624
2038,65,"female",32833.5727726087
2038,66,"female",33519.2000028284
2038,67,"female",33743.4816732382
2038,68,"female",32154.3224983184
2038,69,"female",31917.8963045113
2038,70,"female",30945.7507240175
2038,71,"female",30276.5004497272
2038,72,"female",29235.7925855103
2038,73,"female",29244.3559263299
2038,74,"female",29674.741254558
2038,75,"female",29841.3944125886
2038,76,"female",29102.8729332618
2038,77,"female",27700.7985784885
2038,78,"female",26000.9106086053
2038,79,"female",25033.3702916067
2038,80,"female",23584.4002698602
2038,81,"female",22237.3154497137
2038,82,"female",20923.7835050137
2038,83,"female",19434.8483903275
2038,84,"female",18018.4221965203
2038,85,"female",16369.8859718868
2038,86,"female",14995.7372623402
2038,87,"female",13414.0063743022
2038,88,"female",12373.8451063077
2038,89,"female",10647.1456143893
2038,90,"female",9549.41959524821
2038,91,"female",8238.9850291425
2038,92,"female",5847.36617122131
2038,93,"female",4544.19862400294
2038,94,"female",3460.66667930289
2038,95,"female",9084.50022924543
2039,0,"female",32644.2432281273
2039,1,"female",32490.0941818649
2039,2,"female",32446.4768523301
2039,3,"female",32507.5402857855
2039,4,"female",32640.9441007359
2039,5,"female",32797.6734109188
2039,6,"female",33031.7156998891
2039,7,"female",33618.7306351748
2039,8,"female",33896.3902536798
2039,9,"female",34210.43254265
2039,10,"female",34601.0069732319
2039,11,"female",34940.2617419199
2039,12,"female",35355.5789091967
2039,13,"female",35644.5154757413
2039,14,"female",36045.7903540478
2039,15,"female",31643.2667519566
2039,16,"female",31862.1526287651
2039,17,"female",34769.328548282
2039,18,"female",34688.235355837
2039,19,"female",34706.8688652806
2039,20,"female",35096.3348437508
2039,21,"female",35080.8688815255
2039,22,"female",35730.707613531
2039,23,"female",35359.3829844675
2039,24,"female",36063.3002573956
2039,25,"female",36615.1666513482
2039,26,"female",38038.0818312017
2039,27,"female",38701.3404777905
2039,28,"female",39298.4043671906
2039,29,"female",39948.6567345554
2039,30,"female",39611.1067584242
2039,31,"female",40815.0732692299
2039,32,"female",40326.0544315582
2039,33,"female",38808.4931838132
2039,34,"female",38693.2795889527
2039,35,"female",39110.1848827335
2039,36,"female",38753.3314992055
2039,37,"female",39324.6770590154
2039,38,"female",40486.5692150479
2039,39,"female",41279.8487923831
2039,40,"female",40113.01429267
2039,41,"female",41539.1179504882
2039,42,"female",42187.2467252022
2039,43,"female",42630.0917364316
2039,44,"female",43884.4645062119
2039,45,"female",44268.7911981079
2039,46,"female",45604.7126571853
2039,47,"female",46044.8246873021
2039,48,"female",46427.0320029386
2039,49,"female",45574.5932506837
2039,50,"female",43769.4571601013
2039,51,"female",42681.3000782562
2039,52,"female",40332.2110719604
2039,53,"female",38616.6749411111
2039,54,"female",37857.1095072168
2039,55,"female",36451.8702180531
2039,56,"female",35674.4911690489
2039,57,"female",34527.1121200448
2039,58,"female",33213.7414433392
2039,59,"female",32457.315249532
2039,60,"female",31776.4127906935
2039,61,"female",30583.7007403272
2039,62,"female",30558.0735101075
2039,63,"female",30125.8169565933
2039,64,"female",31143.4483729624
2039,65,"female",32043.5727726087
2039,66,"female",32739.2000028284
2039,67,"female",33403.4816732382
2039,68,"female",33604.3224983184
2039,69,"female",32007.8963045113
2039,70,"female",31725.7507240175
2039,71,"female",30736.5004497272
2039,72,"female",30045.7925855103
2039,73,"female",28974.3559263299
2039,74,"female",28954.741254558
2039,75,"female",29341.3944125886
2039,76,"female",29452.8729332618
2039,77,"female",28670.7985784885
2039,78,"female",27230.9106086053
2039,79,"female",25483.3702916067
2039,80,"female",24464.4002698602
2039,81,"female",22947.3154497137
2039,82,"female",21543.7835050137
2039,83,"female",20184.8483903275
2039,84,"female",18608.4221965203
2039,85,"female",17119.8859718868
2039,86,"female",15415.7372623402
2039,87,"female",13944.0063743022
2039,88,"female",12323.8451063077
2039,89,"female",11207.1456143893
2039,90,"female",9479.41959524821
2039,91,"female",8328.9850291425
2039,92,"female",7037.36617122131
2039,93,"female",4884.19862400294
2039,94,"female",3710.66667930289
2039,95,"female",9504.50022924543
2040,0,"female",32864.2432281273
2040,1,"female",32710.0941818649
2040,2,"female",32656.4768523301
2040,3,"female",32697.5402857855
2040,4,"female",32800.9441007359
2040,5,"female",32927.6734109188
2040,6,"female",33121.7156998891
2040,7,"female",33688.7306351748
2040,8,"female",33936.3902536798
2040,9,"female",34230.43254265
2040,10,"female",34611.0069732319
2040,11,"female",34960.2617419199
2040,12,"female",35375.5789091967
2040,13,"female",35684.5154757413
2040,14,"female",36115.7903540478
2040,15,"female",32193.2667519566
2040,16,"female",32042.1526287651
2040,17,"female",32209.328548282
2040,18,"female",35028.235355837
2040,19,"female",34896.8688652806
2040,20,"female",34816.3348437508
2040,21,"female",35160.8688815255
2040,22,"female",35160.707613531
2040,23,"female",35889.3829844675
2040,24,"female",35683.3002573956
2040,25,"female",36745.1666513482
2040,26,"female",37238.0818312017
2040,27,"female",38761.3404777905
2040,28,"female",39438.4043671906
2040,29,"female",40028.6567345554
2040,30,"female",40671.1067584242
2040,31,"female",40285.0732692299
2040,32,"female",41476.0544315582
2040,33,"female",40988.4931838132
2040,34,"female",39433.2795889527
2040,35,"female",39240.1848827335
2040,36,"female",39693.3314992055
2040,37,"female",39314.6770590154
2040,38,"female",39826.5692150479
2040,39,"female",40959.8487923831
2040,40,"female",41663.01429267
2040,41,"female",40479.1179504882
2040,42,"female",41877.2467252022
2040,43,"female",42480.0917364316
2040,44,"female",42854.4645062119
2040,45,"female",44008.7911981079
2040,46,"female",44364.7126571853
2040,47,"female",45654.8246873021
2040,48,"female",46047.0320029386
2040,49,"female",46384.5932506837
2040,50,"female",45489.4571601013
2040,51,"female",43701.3000782562
2040,52,"female",42602.2110719604
2040,53,"female",40266.6749411111
2040,54,"female",38547.1095072168
2040,55,"female",37821.8702180531
2040,56,"female",36424.4911690489
2040,57,"female",35657.1121200448
2040,58,"female",34523.7414433392
2040,59,"female",33237.315249532
2040,60,"female",32476.4127906935
2040,61,"female",31793.7007403272
2040,62,"female",30598.0735101075
2040,63,"female",30555.8169565933
2040,64,"female",30103.4483729624
2040,65,"female",31073.5727726087
2040,66,"female",31959.2000028284
2040,67,"female",32633.4816732382
2040,68,"female",33264.3224983184
2040,69,"female",33447.8963045113
2040,70,"female",31815.7507240175
2040,71,"female",31526.5004497272
2040,72,"female",30505.7925855103
2040,73,"female",29784.3559263299
2040,74,"female",28694.741254558
2040,75,"female",28631.3944125886
2040,76,"female",28962.8729332618
2040,77,"female",29020.7985784885
2040,78,"female",28190.9106086053
2040,79,"female",26693.3702916067
2040,80,"female",24914.4002698602
2040,81,"female",23817.3154497137
2040,82,"female",22243.7835050137
2040,83,"female",20784.8483903275
2040,84,"female",19338.4221965203
2040,85,"female",17689.8859718868
2040,86,"female",16125.7372623402
2040,87,"female",14344.0063743022
2040,88,"female",12823.8451063077
2040,89,"female",11167.1456143893
2040,90,"female",9979.41959524821
2040,91,"female",8278.9850291425
2040,92,"female",7127.36617122131
2040,93,"female",5884.19862400294
2040,94,"female",3990.66667930289
2040,95,"female",10024.5002292454
2041,0,"female",33084.2432281273
2041,1,"female",32940.0941818649
2041,2,"female",32886.4768523301
2041,3,"female",32907.5402857855
2041,4,"female",32990.9441007359
2041,5,"female",33087.6734109188
2041,6,"female",33251.7156998891
2041,7,"female",33778.7306351748
2041,8,"female",34006.3902536798
2041,9,"female",34270.43254265
2041,10,"female",34631.0069732319
2041,11,"female",34970.2617419199
2041,12,"female",35395.5789091967
2041,13,"female",35714.5154757413
2041,14,"female",36165.7903540478
2041,15,"female",32273.2667519566
2041,16,"female",32602.1526287651
2041,17,"female",32399.328548282
2041,18,"female",32468.235355837
2041,19,"female",35236.8688652806
2041,20,"female",35006.3348437508
2041,21,"female",34870.8688815255
2041,22,"female",35240.707613531
2041,23,"female",35319.3829844675
2041,24,"female",36213.3002573956
2041,25,"female",36355.1666513482
2041,26,"female",37368.0818312017
2041,27,"female",37961.3404777905
2041,28,"female",39498.4043671906
2041,29,"female",40178.6567345554
2041,30,"female",40751.1067584242
2041,31,"female",41345.0732692299
2041,32,"female",40956.0544315582
2041,33,"female",42138.4931838132
2041,34,"female",41613.2795889527
2041,35,"female",39990.1848827335
2041,36,"female",39823.3314992055
2041,37,"female",40244.6770590154
2041,38,"female",39816.5692150479
2041,39,"female",40299.8487923831
2041,40,"female",41343.01429267
2041,41,"female",42029.1179504882
2041,42,"female",40817.2467252022
2041,43,"female",42170.0917364316
2041,44,"female",42704.4645062119
2041,45,"female",42978.7911981079
2041,46,"female",44104.7126571853
2041,47,"female",44414.8246873021
2041,48,"female",45657.0320029386
2041,49,"female",46004.5932506837
2041,50,"female",46299.4571601013
2041,51,"female",45421.3000782562
2041,52,"female",43622.2110719604
2041,53,"female",42536.6749411111
2041,54,"female",40207.1095072168
2041,55,"female",38511.8702180531
2041,56,"female",37784.4911690489
2041,57,"female",36407.1121200448
2041,58,"female",35653.7414433392
2041,59,"female",34547.315249532
2041,60,"female",33266.4127906935
2041,61,"female",32503.7007403272
2041,62,"female",31808.0735101075
2041,63,"female",30605.8169565933
2041,64,"female",30533.4483729624
2041,65,"female",30033.5727726087
2041,66,"female",30989.2000028284
2041,67,"female",31853.4816732382
2041,68,"female",32504.3224983184
2041,69,"female",33117.8963045113
2041,70,"female",33255.7507240175
2041,71,"female",31616.5004497272
2041,72,"female",31295.7925855103
2041,73,"female",30254.3559263299
2041,74,"female",29504.741254558
2041,75,"female",28381.3944125886
2041,76,"female",28272.8729332618
2041,77,"female",28550.7985784885
2041,78,"female",28550.9106086053
2041,79,"female",27653.3702916067
2041,80,"female",26104.4002698602
2041,81,"female",24267.3154497137
2041,82,"female",23093.7835050137
2041,83,"female",21474.8483903275
2041,84,"female",19928.4221965203
2041,85,"female",18389.8859718868
2041,86,"female",16675.7372623402
2041,87,"female",15024.0063743022
2041,88,"female",13203.8451063077
2041,89,"female",11637.1456143893
2041,90,"female",9959.41959524821
2041,91,"female",8728.9850291425
2041,92,"female",7087.36617122131
2041,93,"female",5964.19862400294
2041,94,"female",4810.66667930289
2041,95,"female",10634.5002292454
2042,0,"female",33274.2432281273
2042,1,"female",33150.0941818649
2042,2,"female",33116.4768523301
2042,3,"female",33127.5402857855
2042,4,"female",33200.9441007359
2042,5,"female",33287.6734109188
2042,6,"female",33421.7156998891
2042,7,"female",33918.7306351748
2042,8,"female",34096.3902536798
2042,9,"female",34340.43254265
2042,10,"female",34671.0069732319
2042,11,"female",34990.2617419199
2042,12,"female",35405.5789091967
2042,13,"female",35724.5154757413
2042,14,"female",36195.7903540478
2042,15,"female",32323.2667519566
2042,16,"female",32672.1526287651
2042,17,"female",32959.328548282
2042,18,"female",32658.235355837
2042,19,"female",32686.8688652806
2042,20,"female",35346.3348437508
2042,21,"female",35070.8688815255
2042,22,"female",34960.707613531
2042,23,"female",35399.3829844675
2042,24,"female",35653.3002573956
2042,25,"female",36895.1666513482
2042,26,"female",36998.0818312017
2042,27,"female",38101.3404777905
2042,28,"female",38708.4043671906
2042,29,"female",40238.6567345554
2042,30,"female",40911.1067584242
2042,31,"female",41435.0732692299
2042,32,"female",42016.0544315582
2042,33,"female",41618.4931838132
2042,34,"female",42773.2795889527
2042,35,"female",42170.1848827335
2042,36,"female",40573.3314992055
2042,37,"female",40384.6770590154
2042,38,"female",40756.5692150479
2042,39,"female",40289.8487923831
2042,40,"female",40673.01429267
2042,41,"female",41709.1179504882
2042,42,"female",42367.2467252022
2042,43,"female",41110.0917364316
2042,44,"female",42394.4645062119
2042,45,"female",42828.7911981079
2042,46,"female",43084.7126571853
2042,47,"female",44164.8246873021
2042,48,"female",44417.0320029386
2042,49,"female",45614.5932506837
2042,50,"female",45919.4571601013
2042,51,"female",46231.3000782562
2042,52,"female",45342.2110719604
2042,53,"female",43546.6749411111
2042,54,"female",42467.1095072168
2042,55,"female",40171.8702180531
2042,56,"female",38484.4911690489
2042,57,"female",37767.1121200448
2042,58,"female",36403.7414433392
2042,59,"female",35677.315249532
2042,60,"female",34576.4127906935
2042,61,"female",33283.7007403272
2042,62,"female",32518.0735101075
2042,63,"female",31815.8169565933
2042,64,"female",30583.4483729624
2042,65,"female",30473.5727726087
2042,66,"female",29969.2000028284
2042,67,"female",30903.4816732382
2042,68,"female",31734.3224983184
2042,69,"female",32367.8963045113
2042,70,"female",32925.7507240175
2042,71,"female",33056.5004497272
2042,72,"female",31395.7925855103
2042,73,"female",31044.3559263299
2042,74,"female",29974.741254558
2042,75,"female",29191.3944125886
2042,76,"female",28042.8729332618
2042,77,"female",27880.7985784885
2042,78,"female",28100.9106086053
2042,79,"female",28013.3702916067
2042,80,"female",27054.4002698602
2042,81,"female",25437.3154497137
2042,82,"female",23543.7835050137
2042,83,"female",22314.8483903275
2042,84,"female",20598.4221965203
2042,85,"female",18969.8859718868
2042,86,"female",17355.7372623402
2042,87,"female",15544.0063743022
2042,88,"female",13833.8451063077
2042,89,"female",11987.1456143893
2042,90,"female",10379.4195952482
2042,91,"female",8718.9850291425
2042,92,"female",7477.36617122131
2042,93,"female",5944.19862400294
2042,94,"female",4880.66667930289
2042,95,"female",11774.5002292454
2043,0,"female",33434.2432281273
2043,1,"female",33340.0941818649
2043,2,"female",33326.4768523301
2043,3,"female",33357.5402857855
2043,4,"female",33430.9441007359
2043,5,"female",33497.6734109188
2043,6,"female",33611.7156998891
2043,7,"female",34078.7306351748
2043,8,"female",34236.3902536798
2043,9,"female",34440.43254265
2043,10,"female",34741.0069732319
2043,11,"female",35040.2617419199
2043,12,"female",35435.5789091967
2043,13,"female",35744.5154757413
2043,14,"female",36205.7903540478
2043,15,"female",32343.2667519566
2043,16,"female",32722.1526287651
2043,17,"female",33039.328548282
2043,18,"female",33218.235355837
2043,19,"female",32876.8688652806
2043,20,"female",32796.3348437508
2043,21,"female",35410.8688815255
2043,22,"female",35150.707613531
2043,23,"female",35129.3829844675
2043,24,"female",35733.3002573956
2043,25,"female",36335.1666513482
2043,26,"female",37528.0818312017
2043,27,"female",37721.3404777905
2043,28,"female",38848.4043671906
2043,29,"female",39458.6567345554
2043,30,"female",40971.1067584242
2043,31,"female",41585.0732692299
2043,32,"female",42106.0544315582
2043,33,"female",42688.4931838132
2043,34,"female",42253.2795889527
2043,35,"female",43330.1848827335
2043,36,"female",42763.3314992055
2043,37,"female",41134.6770590154
2043,38,"female",40896.5692150479
2043,39,"female",41229.8487923831
2043,40,"female",40673.01429267
2043,41,"female",41049.1179504882
2043,42,"female",42057.2467252022
2043,43,"female",42660.0917364316
2043,44,"female",41334.4645062119
2043,45,"female",42528.7911981079
2043,46,"female",42944.7126571853
2043,47,"female",43144.8246873021
2043,48,"female",44167.0320029386
2043,49,"female",44384.5932506837
2043,50,"female",45539.4571601013
2043,51,"female",45861.3000782562
2043,52,"female",46152.2110719604
2043,53,"female",45266.6749411111
2043,54,"female",43487.1095072168
2043,55,"female",42431.8702180531
2043,56,"female",40134.4911690489
2043,57,"female",38467.1121200448
2043,58,"female",37763.7414433392
2043,59,"female",36427.315249532
2043,60,"female",35696.4127906935
2043,61,"female",34593.7007403272
2043,62,"female",33298.0735101075
2043,63,"female",32525.8169565933
2043,64,"female",31793.4483729624
2043,65,"female",30523.5727726087
2043,66,"female",30399.2000028284
2043,67,"female",29883.4816732382
2043,68,"female",30794.3224983184
2043,69,"female",31607.8963045113
2043,70,"female",32195.7507240175
2043,71,"female",32736.5004497272
2043,72,"female",32825.7925855103
2043,73,"female",31144.3559263299
2043,74,"female",30764.741254558
2043,75,"female",29661.3944125886
2043,76,"female",28842.8729332618
2043,77,"female",27660.7985784885
2043,78,"female",27440.9106086053
2043,79,"female",27573.3702916067
2043,80,"female",27414.4002698602
2043,81,"female",26377.3154497137
2043,82,"female",24693.7835050137
2043,83,"female",22754.8483903275
2043,84,"female",21408.4221965203
2043,85,"female",19619.8859718868
2043,86,"female",17905.7372623402
2043,87,"female",16194.0063743022
2043,88,"female",14333.8451063077
2043,89,"female",12577.1456143893
2043,90,"female",10709.4195952482
2043,91,"female",9098.9850291425
2043,92,"female",7477.36617122131
2043,93,"female",6274.19862400294
2043,94,"female",4870.66667930289
2043,95,"female",12704.5002292454
2044,0,"female",33564.2432281273
2044,1,"female",33500.0941818649
2044,2,"female",33526.4768523301
2044,3,"female",33577.5402857855
2044,4,"female",33660.9441007359
2044,5,"female",33727.6734109188
2044,6,"female",33831.7156998891
2044,7,"female",34278.7306351748
2044,8,"female",34406.3902536798
2044,9,"female",34580.43254265
2044,10,"female",34851.0069732319
2044,11,"female",35110.2617419199
2044,12,"female",35475.5789091967
2044,13,"female",35774.5154757413
2044,14,"female",36225.7903540478
2044,15,"female",32363.2667519566
2044,16,"female",32752.1526287651
2044,17,"female",33089.328548282
2044,18,"female",33298.235355837
2044,19,"female",33436.8688652806
2044,20,"female",32986.3348437508
2044,21,"female",32860.8688815255
2044,22,"female",35500.707613531
2044,23,"female",35319.3829844675
2044,24,"female",35463.3002573956
2044,25,"female",36425.1666513482
2044,26,"female",36978.0818312017
2044,27,"female",38261.3404777905
2044,28,"female",38478.4043671906
2044,29,"female",39598.6567345554
2044,30,"female",40191.1067584242
2044,31,"female",41655.0732692299
2044,32,"female",42266.0544315582
2044,33,"female",42778.4931838132
2044,34,"female",43323.2795889527
2044,35,"female",42820.1848827335
2044,36,"female",43923.3314992055
2044,37,"female",43324.6770590154
2044,38,"female",41646.5692150479
2044,39,"female",41369.8487923831
2044,40,"female",41613.01429267
2044,41,"female",41049.1179504882
2044,42,"female",41397.2467252022
2044,43,"female",42350.0917364316
2044,44,"female",42894.4645062119
2044,45,"female",41478.7911981079
2044,46,"female",42644.7126571853
2044,47,"female",43004.8246873021
2044,48,"female",43157.0320029386
2044,49,"female",44134.5932506837
2044,50,"female",44309.4571601013
2044,51,"female",45471.3000782562
2044,52,"female",45782.2110719604
2044,53,"female",46086.6749411111
2044,54,"female",45197.1095072168
2044,55,"female",43451.8702180531
2044,56,"female",42394.4911690489
2044,57,"female",40117.1121200448
2044,58,"female",38463.7414433392
2044,59,"female",37797.315249532
2044,60,"female",36446.4127906935
2044,61,"female",35723.7007403272
2044,62,"female",34608.0735101075
2044,63,"female",33305.8169565933
2044,64,"female",32503.4483729624
2044,65,"female",31733.5727726087
2044,66,"female",30459.2000028284
2044,67,"female",30323.4816732382
2044,68,"female",29784.3224983184
2044,69,"female",30667.8963045113
2044,70,"female",31435.7507240175
2044,71,"female",32006.5004497272
2044,72,"female",32515.7925855103
2044,73,"female",32564.3559263299
2044,74,"female",30864.741254558
2044,75,"female",30441.3944125886
2044,76,"female",29322.8729332618
2044,77,"female",28460.7985784885
2044,78,"female",27230.9106086053
2044,79,"female",26943.3702916067
2044,80,"female",27004.4002698602
2044,81,"female",26737.3154497137
2044,82,"female",25613.7835050137
2044,83,"female",23874.8483903275
2044,84,"female",21848.4221965203
2044,85,"female",20399.8859718868
2044,86,"female",18535.7372623402
2044,87,"female",16714.0063743022
2044,88,"female",14933.8451063077
2044,89,"female",13037.1456143893
2044,90,"female",11239.4195952482
2044,91,"female",9388.9850291425
2044,92,"female",7817.36617122131
2044,93,"female",6284.19862400294
2044,94,"female",5150.66667930289
2044,95,"female",13404.5002292454
2045,0,"female",33654.2432281273
2045,1,"female",33640.0941818649
2045,2,"female",33686.4768523301
2045,3,"female",33777.5402857855
2045,4,"female",33880.9441007359
2045,5,"female",33967.6734109188
2045,6,"female",34061.7156998891
2045,7,"female",34498.7306351748
2045,8,"female",34606.3902536798
2045,9,"female",34750.43254265
2045,10,"female",34981.0069732319
2045,11,"female",35210.2617419199
2045,12,"female",35555.5789091967
2045,13,"female",35824.5154757413
2045,14,"female",36255.7903540478
2045,15,"female",32383.2667519566
2045,16,"female",32772.1526287651
2045,17,"female",33119.328548282
2045,18,"female",33348.235355837
2045,19,"female",33516.8688652806
2045,20,"female",33556.3348437508
2045,21,"female",33050.8688815255
2045,22,"female",32960.707613531
2045,23,"female",35669.3829844675
2045,24,"female",35663.3002573956
2045,25,"female",36155.1666513482
2045,26,"female",37068.0818312017
2045,27,"female",37721.3404777905
2045,28,"female",39018.4043671906
2045,29,"female",39228.6567345554
2045,30,"female",40331.1067584242
2045,31,"female",40875.0732692299
2045,32,"female",42336.0544315582
2045,33,"female",42938.4931838132
2045,34,"female",43423.2795889527
2045,35,"female",43890.1848827335
2045,36,"female",43413.3314992055
2045,37,"female",44494.6770590154
2045,38,"female",43836.5692150479
2045,39,"female",42129.8487923831
2045,40,"female",41763.01429267
2045,41,"female",41999.1179504882
2045,42,"female",41397.2467252022
2045,43,"female",41700.0917364316
2045,44,"female",42584.4645062119
2045,45,"female",43028.7911981079
2045,46,"female",41594.7126571853
2045,47,"female",42704.8246873021
2045,48,"female",43017.0320029386
2045,49,"female",43124.5932506837
2045,50,"female",44059.4571601013
2045,51,"female",44251.3000782562
2045,52,"female",45402.2110719604
2045,53,"female",45716.6749411111
2045,54,"female",46017.1095072168
2045,55,"female",45161.8702180531
2045,56,"female",43414.4911690489
2045,57,"female",42377.1121200448
2045,58,"female",40113.7414433392
2045,59,"female",38487.315249532
2045,60,"female",37816.4127906935
2045,61,"female",36473.7007403272
2045,62,"female",35738.0735101075
2045,63,"female",34615.8169565933
2045,64,"female",33283.4483729624
2045,65,"female",32443.5727726087
2045,66,"female",31669.2000028284
2045,67,"female",30373.4816732382
2045,68,"female",30224.3224983184
2045,69,"female",29667.8963045113
2045,70,"female",30515.7507240175
2045,71,"female",31256.5004497272
2045,72,"female",31795.7925855103
2045,73,"female",32264.3559263299
2045,74,"female",32284.741254558
2045,75,"female",30561.3944125886
2045,76,"female",30102.8729332618
2045,77,"female",28930.7985784885
2045,78,"female",28030.9106086053
2045,79,"female",26753.3702916067
2045,80,"female",26394.4002698602
2045,81,"female",26347.3154497137
2045,82,"female",25973.7835050137
2045,83,"female",24774.8483903275
2045,84,"female",22938.4221965203
2045,85,"female",20839.8859718868
2045,86,"female",19285.7372623402
2045,87,"female",17314.0063743022
2045,88,"female",15433.8451063077
2045,89,"female",13597.1456143893
2045,90,"female",11659.4195952482
2045,91,"female",9868.9850291425
2045,92,"female",8077.36617122131
2045,93,"female",6564.19862400294
2045,94,"female",5150.66667930289
2045,95,"female",14154.5002292454
2046,0,"female",33714.2432281273
2046,1,"female",33730.0941818649
2046,2,"female",33816.4768523301
2046,3,"female",33937.5402857855
2046,4,"female",34080.9441007359
2046,5,"female",34187.6734109188
2046,6,"female",34301.7156998891
2046,7,"female",34738.7306351748
2046,8,"female",34826.3902536798
2046,9,"female",34950.43254265
2046,10,"female",35161.0069732319
2046,11,"female",35350.2617419199
2046,12,"female",35655.5789091967
2046,13,"female",35894.5154757413
2046,14,"female",36305.7903540478
2046,15,"female",32413.2667519566
2046,16,"female",32792.1526287651
2046,17,"female",33139.328548282
2046,18,"female",33388.235355837
2046,19,"female",33576.8688652806
2046,20,"female",33636.3348437508
2046,21,"female",33620.8688815255
2046,22,"female",33150.707613531
2046,23,"female",33129.3829844675
2046,24,"female",36013.3002573956
2046,25,"female",36365.1666513482
2046,26,"female",36808.0818312017
2046,27,"female",37811.3404777905
2046,28,"female",38478.4043671906
2046,29,"female",39778.6567345554
2046,30,"female",39971.1067584242
2046,31,"female",41025.0732692299
2046,32,"female",41556.0544315582
2046,33,"female",43008.4931838132
2046,34,"female",43583.2795889527
2046,35,"female",43990.1848827335
2046,36,"female",44493.3314992055
2046,37,"female",43984.6770590154
2046,38,"female",45006.5692150479
2046,39,"female",44319.8487923831
2046,40,"female",42523.01429267
2046,41,"female",42149.1179504882
2046,42,"female",42347.2467252022
2046,43,"female",41700.0917364316
2046,44,"female",41934.4645062119
2046,45,"female",42728.7911981079
2046,46,"female",43144.7126571853
2046,47,"female",41654.8246873021
2046,48,"female",42717.0320029386
2046,49,"female",42984.5932506837
2046,50,"female",43059.4571601013
2046,51,"female",44001.3000782562
2046,52,"female",44182.2110719604
2046,53,"female",45336.6749411111
2046,54,"female",45647.1095072168
2046,55,"female",45981.8702180531
2046,56,"female",45124.4911690489
2046,57,"female",43387.1121200448
2046,58,"female",42373.7414433392
2046,59,"female",40137.315249532
2046,60,"female",38506.4127906935
2046,61,"female",37833.7007403272
2046,62,"female",36488.0735101075
2046,63,"female",35745.8169565933
2046,64,"female",34593.4483729624
2046,65,"female",33223.5727726087
2046,66,"female",32369.2000028284
2046,67,"female",31583.4816732382
2046,68,"female",30284.3224983184
2046,69,"female",30107.8963045113
2046,70,"female",29525.7507240175
2046,71,"female",30346.5004497272
2046,72,"female",31065.7925855103
2046,73,"female",31554.3559263299
2046,74,"female",31994.741254558
2046,75,"female",31971.3944125886
2046,76,"female",30222.8729332618
2046,77,"female",29710.7985784885
2046,78,"female",28510.9106086053
2046,79,"female",27533.3702916067
2046,80,"female",26214.4002698602
2046,81,"female",25767.3154497137
2046,82,"female",25603.7835050137
2046,83,"female",25144.8483903275
2046,84,"female",23818.4221965203
2046,85,"female",21889.8859718868
2046,86,"female",19705.7372623402
2046,87,"female",18034.0063743022
2046,88,"female",16003.8451063077
2046,89,"female",14057.1456143893
2046,90,"female",12179.4195952482
2046,91,"female",10248.9850291425
2046,92,"female",8487.36617122131
2046,93,"female",6794.19862400294
2046,94,"female",5400.66667930289
2046,95,"female",14724.5002292454
2047,0,"female",33744.2432281273
2047,1,"female",33790.0941818649
2047,2,"female",33916.4768523301
2047,3,"female",34077.5402857855
2047,4,"female",34250.9441007359
2047,5,"female",34387.6734109188
2047,6,"female",34521.7156998891
2047,7,"female",34968.7306351748
2047,8,"female",35066.3902536798
2047,9,"female",35170.43254265
2047,10,"female",35361.0069732319
2047,11,"female",35530.2617419199
2047,12,"female",35805.5789091967
2047,13,"female",36004.5154757413
2047,14,"female",36385.7903540478
2047,15,"female",32473.2667519566
2047,16,"female",32832.1526287651
2047,17,"female",33169.328548282
2047,18,"female",33408.235355837
2047,19,"female",33606.8688652806
2047,20,"female",33696.3348437508
2047,21,"female",33710.8688815255
2047,22,"female",33720.707613531
2047,23,"female",33329.3829844675
2047,24,"female",33483.3002573956
2047,25,"female",36715.1666513482
2047,26,"female",37018.0818312017
2047,27,"female",37551.3404777905
2047,28,"female",38578.4043671906
2047,29,"female",39238.6567345554
2047,30,"female",40521.1067584242
2047,31,"female",40655.0732692299
2047,32,"female",41706.0544315582
2047,33,"female",42238.4931838132
2047,34,"female",43663.2795889527
2047,35,"female",44160.1848827335
2047,36,"female",44593.3314992055
2047,37,"female",45064.6770590154
2047,38,"female",44506.5692150479
2047,39,"female",45489.8487923831
2047,40,"female",44723.01429267
2047,41,"female",42909.1179504882
2047,42,"female",42497.2467252022
2047,43,"female",42650.0917364316
2047,44,"female",41934.4645062119
2047,45,"female",42078.7911981079
2047,46,"female",42844.7126571853
2047,47,"female",43214.8246873021
2047,48,"female",41667.0320029386
2047,49,"female",42684.5932506837
2047,50,"female",42919.4571601013
2047,51,"female",43001.3000782562
2047,52,"female",43942.2110719604
2047,53,"female",44126.6749411111
2047,54,"female",45277.1095072168
2047,55,"female",45611.8702180531
2047,56,"female",45944.4911690489
2047,57,"female",45107.1121200448
2047,58,"female",43383.7414433392
2047,59,"female",42397.315249532
2047,60,"female",40156.4127906935
2047,61,"female",38533.7007403272
2047,62,"female",37848.0735101075
2047,63,"female",36495.8169565933
2047,64,"female",35713.4483729624
2047,65,"female",34523.5727726087
2047,66,"female",33159.2000028284
2047,67,"female",32293.4816732382
2047,68,"female",31484.3224983184
2047,69,"female",30167.8963045113
2047,70,"female",29965.7507240175
2047,71,"female",29366.5004497272
2047,72,"female",30155.7925855103
2047,73,"female",30834.3559263299
2047,74,"female",31294.741254558
2047,75,"female",31681.3944125886
2047,76,"female",31622.8729332618
2047,77,"female",29840.7985784885
2047,78,"female",29280.9106086053
2047,79,"female",28013.3702916067
2047,80,"female",26994.4002698602
2047,81,"female",25597.3154497137
2047,82,"female",25053.7835050137
2047,83,"female",24804.8483903275
2047,84,"female",24188.4221965203
2047,85,"female",22739.8859718868
2047,86,"female",20715.7372623402
2047,87,"female",18444.0063743022
2047,88,"female",16683.8451063077
2047,89,"female",14587.1456143893
2047,90,"female",12609.4195952482
2047,91,"female",10708.9850291425
2047,92,"female",8827.36617122131
2047,93,"female",7154.19862400294
2047,94,"female",5590.66667930289
2047,95,"female",15364.5002292454
2048,0,"female",33744.2432281273
2048,1,"female",33820.0941818649
2048,2,"female",33976.4768523301
2048,3,"female",34177.5402857855
2048,4,"female",34390.9441007359
2048,5,"female",34557.6734109188
2048,6,"female",34721.7156998891
2048,7,"female",35198.7306351748
2048,8,"female",35306.3902536798
2048,9,"female",35410.43254265
2048,10,"female",35591.0069732319
2048,11,"female",35740.2617419199
2048,12,"female",35975.5789091967
2048,13,"female",36144.5154757413
2048,14,"female",36495.7903540478
2048,15,"female",32553.2667519566
2048,16,"female",32882.1526287651
2048,17,"female",33199.328548282
2048,18,"female",33438.235355837
2048,19,"female",33636.8688652806
2048,20,"female",33726.3348437508
2048,21,"female",33770.8688815255
2048,22,"female",33810.707613531
2048,23,"female",33899.3829844675
2048,24,"female",33683.3002573956
2048,25,"female",34185.1666513482
2048,26,"female",37378.0818312017
2048,27,"female",37761.3404777905
2048,28,"female",38318.4043671906
2048,29,"female",39338.6567345554
2048,30,"female",39981.1067584242
2048,31,"female",41215.0732692299
2048,32,"female",41346.0544315582
2048,33,"female",42388.4931838132
2048,34,"female",42893.2795889527
2048,35,"female",44240.1848827335
2048,36,"female",44763.3314992055
2048,37,"female",45164.6770590154
2048,38,"female",45576.5692150479
2048,39,"female",44989.8487923831
2048,40,"female",45893.01429267
2048,41,"female",45109.1179504882
2048,42,"female",43257.2467252022
2048,43,"female",42810.0917364316
2048,44,"female",42894.4645062119
2048,45,"female",42088.7911981079
2048,46,"female",42194.7126571853
2048,47,"female",42914.8246873021
2048,48,"female",43227.0320029386
2048,49,"female",41644.5932506837
2048,50,"female",42629.4571601013
2048,51,"female",42861.3000782562
2048,52,"female",42932.2110719604
2048,53,"female",43876.6749411111
2048,54,"female",44067.1095072168
2048,55,"female",45241.8702180531
2048,56,"female",45584.4911690489
2048,57,"female",45927.1121200448
2048,58,"female",45103.7414433392
2048,59,"female",43407.315249532
2048,60,"female",42406.4127906935
2048,61,"female",40183.7007403272
2048,62,"female",38548.0735101075
2048,63,"female",37855.8169565933
2048,64,"female",36473.4483729624
2048,65,"female",35653.5727726087
2048,66,"female",34459.2000028284
2048,67,"female",33083.4816732382
2048,68,"female",32194.3224983184
2048,69,"female",31377.8963045113
2048,70,"female",30035.7507240175
2048,71,"female",29816.5004497272
2048,72,"female",29185.7925855103
2048,73,"female",29944.3559263299
2048,74,"female",30594.741254558
2048,75,"female",31001.3944125886
2048,76,"female",31352.8729332618
2048,77,"female",31230.7985784885
2048,78,"female",29410.9106086053
2048,79,"female",28793.3702916067
2048,80,"female",27474.4002698602
2048,81,"female",26367.3154497137
2048,82,"female",24903.7835050137
2048,83,"female",24274.8483903275
2048,84,"female",23868.4221965203
2048,85,"female",23099.8859718868
2048,86,"female",21535.7372623402
2048,87,"female",19404.0063743022
2048,88,"female",17073.8451063077
2048,89,"female",15217.1456143893
2048,90,"female",13089.4195952482
2048,91,"female",11098.9850291425
2048,92,"female",9237.36617122131
2048,93,"female",7444.19862400294
2048,94,"female",5890.66667930289
2048,95,"female",15994.5002292454
2049,0,"female",33724.2432281273
2049,1,"female",33820.0941818649
2049,2,"female",34016.4768523301
2049,3,"female",34237.5402857855
2049,4,"female",34490.9441007359
2049,5,"female",34697.6734109188
2049,6,"female",34901.7156998891
2049,7,"female",35398.7306351748
2049,8,"female",35536.3902536798
2049,9,"female",35650.43254265
2049,10,"female",35831.0069732319
2049,11,"female",35960.2617419199
2049,12,"female",36185.5789091967
2049,13,"female",36324.5154757413
2049,14,"female",36645.7903540478
2049,15,"female",32663.2667519566
2049,16,"female",32962.1526287651
2049,17,"female",33259.328548282
2049,18,"female",33468.235355837
2049,19,"female",33656.8688652806
2049,20,"female",33756.3348437508
2049,21,"female",33800.8688815255
2049,22,"female",33870.707613531
2049,23,"female",33999.3829844675
2049,24,"female",34253.3002573956
2049,25,"female",34395.1666513482
2049,26,"female",34848.0818312017
2049,27,"female",38131.3404777905
2049,28,"female",38528.4043671906
2049,29,"female",39078.6567345554
2049,30,"female",40081.1067584242
2049,31,"female",40675.0732692299
2049,32,"female",41906.0544315582
2049,33,"female",42038.4931838132
2049,34,"female",43043.2795889527
2049,35,"female",43470.1848827335
2049,36,"female",44843.3314992055
2049,37,"female",45334.6770590154
2049,38,"female",45686.5692150479
2049,39,"female",46069.8487923831
2049,40,"female",45393.01429267
2049,41,"female",46279.1179504882
2049,42,"female",45457.2467252022
2049,43,"female",43570.0917364316
2049,44,"female",43044.4645062119
2049,45,"female",43038.7911981079
2049,46,"female",42204.7126571853
2049,47,"female",42264.8246873021
2049,48,"female",42927.0320029386
2049,49,"female",43204.5932506837
2049,50,"female",41589.4571601013
2049,51,"female",42571.3000782562
2049,52,"female",42802.2110719604
2049,53,"female",42886.6749411111
2049,54,"female",43827.1095072168
2049,55,"female",44041.8702180531
2049,56,"female",45214.4911690489
2049,57,"female",45567.1121200448
2049,58,"female",45913.7414433392
2049,59,"female",45117.315249532
2049,60,"female",43426.4127906935
2049,61,"female",42423.7007403272
2049,62,"female",40188.0735101075
2049,63,"female",38555.8169565933
2049,64,"female",37823.4483729624
2049,65,"female",36403.5727726087
2049,66,"female",35579.2000028284
2049,67,"female",34383.4816732382
2049,68,"female",32984.3224983184
2049,69,"female",32087.8963045113
2049,70,"female",31235.7507240175
2049,71,"female",29886.5004497272
2049,72,"female",29635.7925855103
2049,73,"female",28994.3559263299
2049,74,"female",29714.741254558
2049,75,"female",30311.3944125886
2049,76,"female",30682.8729332618
2049,77,"female",30970.7985784885
2049,78,"female",30790.9106086053
2049,79,"female",28933.3702916067
2049,80,"female",28244.4002698602
2049,81,"female",26847.3154497137
2049,82,"female",25663.7835050137
2049,83,"female",24144.8483903275
2049,84,"female",23378.4221965203
2049,85,"female",22809.8859718868
2049,86,"female",21895.7372623402
2049,87,"female",20184.0063743022
2049,88,"female",17973.8451063077
2049,89,"female",15587.1456143893
2049,90,"female",13669.4195952482
2049,91,"female",11538.9850291425
2049,92,"female",9577.36617122131
2049,93,"female",7794.19862400294
2049,94,"female",6130.66667930289
2049,95,"female",16724.5002292454
2050,0,"female",33684.2432281273
2050,1,"female",33800.0941818649
2050,2,"female",34016.4768523301
2050,3,"female",34277.5402857855
2050,4,"female",34550.9441007359
2050,5,"female",34797.6734109188
2050,6,"female",35041.7156998891
2050,7,"female",35578.7306351748
2050,8,"female",35736.3902536798
2050,9,"female",35880.43254265
2050,10,"female",36071.0069732319
2050,11,"female",36210.2617419199
2050,12,"female",36415.5789091967
2050,13,"female",36534.5154757413
2050,14,"female",36825.7903540478
2050,15,"female",32813.2667519566
2050,16,"female",33072.1526287651
2050,17,"female",33339.328548282
2050,18,"female",33528.235355837
2050,19,"female",33696.8688652806
2050,20,"female",33786.3348437508
2050,21,"female",33830.8688815255
2050,22,"female",33910.707613531
2050,23,"female",34059.3829844675
2050,24,"female",34353.3002573956
2050,25,"female",34975.1666513482
2050,26,"female",35058.0818312017
2050,27,"female",35601.3404777905
2050,28,"female",38898.4043671906
2050,29,"female",39298.6567345554
2050,30,"female",39831.1067584242
2050,31,"female",40785.0732692299
2050,32,"female",41376.0544315582
2050,33,"female",42588.4931838132
2050,34,"female",42693.2795889527
2050,35,"female",43630.1848827335
2050,36,"female",44083.3314992055
2050,37,"female",45424.6770590154
2050,38,"female",45866.5692150479
2050,39,"female",46179.8487923831
2050,40,"female",46473.01429267
2050,41,"female",45779.1179504882
2050,42,"female",46637.2467252022
2050,43,"female",45770.0917364316
2050,44,"female",43814.4645062119
2050,45,"female",43198.7911981079
2050,46,"female",43164.7126571853
2050,47,"female",42274.8246873021
2050,48,"female",42287.0320029386
2050,49,"female",42904.5932506837
2050,50,"female",43149.4571601013
2050,51,"female",41541.3000782562
2050,52,"female",42512.2110719604
2050,53,"female",42756.6749411111
2050,54,"female",42827.1095072168
2050,55,"female",43801.8702180531
2050,56,"female",44014.4911690489
2050,57,"female",45197.1121200448
2050,58,"female",45563.7414433392
2050,59,"female",45937.315249532
2050,60,"female",45136.4127906935
2050,61,"female",43443.7007403272
2050,62,"female",42438.0735101075
2050,63,"female",40195.8169565933
2050,64,"female",38523.4483729624
2050,65,"female",37763.5727726087
2050,66,"female",36339.2000028284
2050,67,"female",35503.4816732382
2050,68,"female",34284.3224983184
2050,69,"female",32867.8963045113
2050,70,"female",31945.7507240175
2050,71,"female",31076.5004497272
2050,72,"female",29705.7925855103
2050,73,"female",29444.3559263299
2050,74,"female",28774.741254558
2050,75,"female",29451.3944125886
2050,76,"female",30002.8729332618
2050,77,"female",30320.7985784885
2050,78,"female",30550.9106086053
2050,79,"female",30293.3702916067
2050,80,"female",28384.4002698602
2050,81,"female",27607.3154497137
2050,82,"female",26143.7835050137
2050,83,"female",24894.8483903275
2050,84,"female",23258.4221965203
2050,85,"female",22359.8859718868
2050,86,"female",21635.7372623402
2050,87,"female",20534.0063743022
2050,88,"female",18713.8451063077
2050,89,"female",16427.1456143893
2050,90,"female",14009.4195952482
2050,91,"female",12048.9850291425
2050,92,"female",9967.36617122131
2050,93,"female",8094.19862400294
2050,94,"female",6430.66667930289
2050,95,"female",17494.5002292454
2051,0,"female",33624.2432281273
2051,1,"female",33760.0941818649
2051,2,"female",33996.4768523301
2051,3,"female",34277.5402857855
2051,4,"female",34590.9441007359
2051,5,"female",34867.6734109188
2051,6,"female",35141.7156998891
2051,7,"female",35718.7306351748
2051,8,"female",35916.3902536798
2051,9,"female",36090.43254265
2051,10,"female",36301.0069732319
2051,11,"female",36450.2617419199
2051,12,"female",36665.5789091967
2051,13,"female",36764.5154757413
2051,14,"female",37035.7903540478
2051,15,"female",32993.2667519566
2051,16,"female",33232.1526287651
2051,17,"female",33449.328548282
2051,18,"female",33608.235355837
2051,19,"female",33756.8688652806
2051,20,"female",33826.3348437508
2051,21,"female",33860.8688815255
2051,22,"female",33940.707613531
2051,23,"female",34099.3829844675
2051,24,"female",34423.3002573956
2051,25,"female",35065.1666513482
2051,26,"female",35638.0818312017
2051,27,"female",35811.3404777905
2051,28,"female",36378.4043671906
2051,29,"female",39668.6567345554
2051,30,"female",40051.1067584242
2051,31,"female",40535.0732692299
2051,32,"female",41486.0544315582
2051,33,"female",42068.4931838132
2051,34,"female",43253.2795889527
2051,35,"female",43280.1848827335
2051,36,"female",44243.3314992055
2051,37,"female",44664.6770590154
2051,38,"female",45956.5692150479
2051,39,"female",46359.8487923831
2051,40,"female",46583.01429267
2051,41,"female",46869.1179504882
2051,42,"female",46137.2467252022
2051,43,"female",46950.0917364316
2051,44,"female",46014.4645062119
2051,45,"female",43958.7911981079
2051,46,"female",43324.7126571853
2051,47,"female",43234.8246873021
2051,48,"female",42297.0320029386
2051,49,"female",42274.5932506837
2051,50,"female",42849.4571601013
2051,51,"female",43101.3000782562
2051,52,"female",41482.2110719604
2051,53,"female",42466.6749411111
2051,54,"female",42707.1095072168
2051,55,"female",42811.8702180531
2051,56,"female",43774.4911690489
2051,57,"female",43997.1121200448
2051,58,"female",45203.7414433392
2051,59,"female",45587.315249532
2051,60,"female",45956.4127906935
2051,61,"female",45153.7007403272
2051,62,"female",43458.0735101075
2051,63,"female",42435.8169565933
2051,64,"female",40173.4483729624
2051,65,"female",38463.5727726087
2051,66,"female",37689.2000028284
2051,67,"female",36253.4816732382
2051,68,"female",35404.3224983184
2051,69,"female",34167.8963045113
2051,70,"female",32725.7507240175
2051,71,"female",31786.5004497272
2051,72,"female",30905.7925855103
2051,73,"female",29514.3559263299
2051,74,"female",29214.741254558
2051,75,"female",28521.3944125886
2051,76,"female",29152.8729332618
2051,77,"female",29650.7985784885
2051,78,"female",29910.9106086053
2051,79,"female",30063.3702916067
2051,80,"female",29734.4002698602
2051,81,"female",27767.3154497137
2051,82,"female",26893.7835050137
2051,83,"female",25364.8483903275
2051,84,"female",23998.4221965203
2051,85,"female",22259.8859718868
2051,86,"female",21215.7372623402
2051,87,"female",20304.0063743022
2051,88,"female",19053.8451063077
2051,89,"female",17117.1456143893
2051,90,"female",14769.4195952482
2051,91,"female",12368.9850291425
2051,92,"female",10417.3661712213
2051,93,"female",8424.19862400294
2051,94,"female",6680.66667930289
2051,95,"female",18314.5002292454
2052,0,"female",33554.2432281273
2052,1,"female",33710.0941818649
2052,2,"female",33956.4768523301
2052,3,"female",34257.5402857855
2052,4,"female",34600.9441007359
2052,5,"female",34907.6734109188
2052,6,"female",35211.7156998891
2052,7,"female",35828.7306351748
2052,8,"female",36056.3902536798
2052,9,"female",36270.43254265
2052,10,"female",36511.0069732319
2052,11,"female",36680.2617419199
2052,12,"female",36905.5789091967
2052,13,"female",37014.5154757413
2052,14,"female",37265.7903540478
2052,15,"female",33203.2667519566
2052,16,"female",33412.1526287651
2052,17,"female",33599.328548282
2052,18,"female",33728.235355837
2052,19,"female",33846.8688652806
2052,20,"female",33886.3348437508
2052,21,"female",33910.8688815255
2052,22,"female",33980.707613531
2052,23,"female",34139.3829844675
2052,24,"female",34473.3002573956
2052,25,"female",35145.1666513482
2052,26,"female",35738.0818312017
2052,27,"female",36401.3404777905
2052,28,"female",36598.4043671906
2052,29,"female",37148.6567345554
2052,30,"female",40431.1067584242
2052,31,"female",40755.0732692299
2052,32,"female",41236.0544315582
2052,33,"female",42178.4931838132
2052,34,"female",42733.2795889527
2052,35,"female",43840.1848827335
2052,36,"female",43893.3314992055
2052,37,"female",44824.6770590154
2052,38,"female",45196.5692150479
2052,39,"female",46449.8487923831
2052,40,"female",46763.01429267
2052,41,"female",46979.1179504882
2052,42,"female",47227.2467252022
2052,43,"female",46450.0917364316
2052,44,"female",47194.4645062119
2052,45,"female",46158.7911981079
2052,46,"female",44094.7126571853
2052,47,"female",43394.8246873021
2052,48,"female",43257.0320029386
2052,49,"female",42284.5932506837
2052,50,"female",42219.4571601013
2052,51,"female",42801.3000782562
2052,52,"female",43042.2110719604
2052,53,"female",41436.6749411111
2052,54,"female",42417.1095072168
2052,55,"female",42681.8702180531
2052,56,"female",42794.4911690489
2052,57,"female",43767.1121200448
2052,58,"female",44003.7414433392
2052,59,"female",45227.315249532
2052,60,"female",45606.4127906935
2052,61,"female",45973.7007403272
2052,62,"female",45158.0735101075
2052,63,"female",43455.8169565933
2052,64,"female",42403.4483729624
2052,65,"female",40103.5727726087
2052,66,"female",38399.2000028284
2052,67,"female",37613.4816732382
2052,68,"female",36154.3224983184
2052,69,"female",35287.8963045113
2052,70,"female",34025.7507240175
2052,71,"female",32576.5004497272
2052,72,"female",31615.7925855103
2052,73,"female",30714.3559263299
2052,74,"female",29304.741254558
2052,75,"female",28971.3944125886
2052,76,"female",28242.8729332618
2052,77,"female",28830.7985784885
2052,78,"female",29270.9106086053
2052,79,"female",29443.3702916067
2052,80,"female",29514.4002698602
2052,81,"female",29097.3154497137
2052,82,"female",27053.7835050137
2052,83,"female",26104.8483903275
2052,84,"female",24468.4221965203
2052,85,"female",22969.8859718868
2052,86,"female",21135.7372623402
2052,87,"female",19924.0063743022
2052,88,"female",18853.8451063077
2052,89,"female",17437.1456143893
2052,90,"female",15409.4195952482
2052,91,"female",13048.9850291425
2052,92,"female",10707.3661712213
2052,93,"female",8824.19862400294
2052,94,"female",6970.66667930289
2052,95,"female",19164.5002292454
2053,0,"female",33494.2432281273
2053,1,"female",33650.0941818649
2053,2,"female",33906.4768523301
2053,3,"female",34227.5402857855
2053,4,"female",34580.9441007359
2053,5,"female",34907.6734109188
2053,6,"female",35251.7156998891
2053,7,"female",35898.7306351748
2053,8,"female",36166.3902536798
2053,9,"female",36420.43254265
2053,10,"female",36691.0069732319
2053,11,"female",36900.2617419199
2053,12,"female",37145.5789091967
2053,13,"female",37264.5154757413
2053,14,"female",37515.7903540478
2053,15,"female",33443.2667519566
2053,16,"female",33622.1526287651
2053,17,"female",33789.328548282
2053,18,"female",33878.235355837
2053,19,"female",33956.8688652806
2053,20,"female",33966.3348437508
2053,21,"female",33970.8688815255
2053,22,"female",34020.707613531
2053,23,"female",34179.3829844675
2053,24,"female",34503.3002573956
2053,25,"female",35195.1666513482
2053,26,"female",35818.0818312017
2053,27,"female",36511.3404777905
2053,28,"female",37188.4043671906
2053,29,"female",37368.6567345554
2053,30,"female",37911.1067584242
2053,31,"female",41135.0732692299
2053,32,"female",41466.0544315582
2053,33,"female",41928.4931838132
2053,34,"female",42843.2795889527
2053,35,"female",43320.1848827335
2053,36,"female",44463.3314992055
2053,37,"female",44484.6770590154
2053,38,"female",45366.5692150479
2053,39,"female",45699.8487923831
2053,40,"female",46863.01429267
2053,41,"female",47169.1179504882
2053,42,"female",47347.2467252022
2053,43,"female",47540.0917364316
2053,44,"female",46704.4645062119
2053,45,"female",47338.7911981079
2053,46,"female",46294.7126571853
2053,47,"female",44164.8246873021
2053,48,"female",43417.0320029386
2053,49,"female",43244.5932506837
2053,50,"female",42229.4571601013
2053,51,"female",42171.3000782562
2053,52,"female",42752.2110719604
2053,53,"female",42996.6749411111
2053,54,"female",41397.1095072168
2053,55,"female",42401.8702180531
2053,56,"female",42664.4911690489
2053,57,"female",42787.1121200448
2053,58,"female",43773.7414433392
2053,59,"female",44037.315249532
2053,60,"female",45256.4127906935
2053,61,"female",45633.7007403272
2053,62,"female",45988.0735101075
2053,63,"female",45165.8169565933
2053,64,"female",43423.4483729624
2053,65,"female",42343.5727726087
2053,66,"female",40029.2000028284
2053,67,"female",38313.4816732382
2053,68,"female",37504.3224983184
2053,69,"female",36047.8963045113
2053,70,"female",35135.7507240175
2053,71,"female",33866.5004497272
2053,72,"female",32395.7925855103
2053,73,"female",31414.3559263299
2053,74,"female",30494.741254558
2053,75,"female",29061.3944125886
2053,76,"female",28692.8729332618
2053,77,"female",27930.7985784885
2053,78,"female",28460.9106086053
2053,79,"female",28813.3702916067
2053,80,"female",28924.4002698602
2053,81,"female",28887.3154497137
2053,82,"female",28363.7835050137
2053,83,"female",26274.8483903275
2053,84,"female",25188.4221965203
2053,85,"female",23439.8859718868
2053,86,"female",21825.7372623402
2053,87,"female",19864.0063743022
2053,88,"female",18513.8451063077
2053,89,"female",17267.1456143893
2053,90,"female",15709.4195952482
2053,91,"female",13618.9850291425
2053,92,"female",11307.3661712213
2053,93,"female",9064.19862400294
2053,94,"female",7300.66667930289
2053,95,"female",20054.5002292454
2054,0,"female",33434.2432281273
2054,1,"female",33580.0941818649
2054,2,"female",33846.4768523301
2054,3,"female",34177.5402857855
2054,4,"female",34550.9441007359
2054,5,"female",34897.6734109188
2054,6,"female",35261.7156998891
2054,7,"female",35938.7306351748
2054,8,"female",36246.3902536798
2054,9,"female",36530.43254265
2054,10,"female",36841.0069732319
2054,11,"female",37080.2617419199
2054,12,"female",37355.5789091967
2054,13,"female",37504.5154757413
2054,14,"female",37765.7903540478
2054,15,"female",33693.2667519566
2054,16,"female",33862.1526287651
2054,17,"female",34009.328548282
2054,18,"female",34068.235355837
2054,19,"female",34116.8688652806
2054,20,"female",34086.3348437508
2054,21,"female",34060.8688815255
2054,22,"female",34090.707613531
2054,23,"female",34219.3829844675
2054,24,"female",34543.3002573956
2054,25,"female",35235.1666513482
2054,26,"female",35868.0818312017
2054,27,"female",36581.3404777905
2054,28,"female",37288.4043671906
2054,29,"female",37968.6567345554
2054,30,"female",38131.1067584242
2054,31,"female",38625.0732692299
2054,32,"female",41836.0544315582
2054,33,"female",42158.4931838132
2054,34,"female",42603.2795889527
2054,35,"female",43440.1848827335
2054,36,"female",43943.3314992055
2054,37,"female",45054.6770590154
2054,38,"female",45026.5692150479
2054,39,"female",45869.8487923831
2054,40,"female",46113.01429267
2054,41,"female",47259.1179504882
2054,42,"female",47527.2467252022
2054,43,"female",47660.0917364316
2054,44,"female",47794.4645062119
2054,45,"female",46858.7911981079
2054,46,"female",47474.7126571853
2054,47,"female",46364.8246873021
2054,48,"female",44197.0320029386
2054,49,"female",43404.5932506837
2054,50,"female",43189.4571601013
2054,51,"female",42191.3000782562
2054,52,"female",42122.2110719604
2054,53,"female",42706.6749411111
2054,54,"female",42947.1095072168
2054,55,"female",41381.8702180531
2054,56,"female",42384.4911690489
2054,57,"female",42667.1121200448
2054,58,"female",42793.7414433392
2054,59,"female",43817.315249532
2054,60,"female",44066.4127906935
2054,61,"female",45273.7007403272
2054,62,"female",45638.0735101075
2054,63,"female",45985.8169565933
2054,64,"female",45133.4483729624
2054,65,"female",43353.5727726087
2054,66,"female",42269.2000028284
2054,67,"female",39943.4816732382
2054,68,"female",38214.3224983184
2054,69,"female",37387.8963045113
2054,70,"female",35895.7507240175
2054,71,"female",34986.5004497272
2054,72,"female",33685.7925855103
2054,73,"female",32204.3559263299
2054,74,"female",31194.741254558
2054,75,"female",30241.3944125886
2054,76,"female",28792.8729332618
2054,77,"female",28380.7985784885
2054,78,"female",27580.9106086053
2054,79,"female",28033.3702916067
2054,80,"female",28314.4002698602
2054,81,"female",28317.3154497137
2054,82,"female",28173.7835050137
2054,83,"female",27554.8483903275
2054,84,"female",25368.4221965203
2054,85,"female",24149.8859718868
2054,86,"female",22285.7372623402
2054,87,"female",20534.0063743022
2054,88,"female",18463.8451063077
2054,89,"female",16967.1456143893
2054,90,"female",15569.4195952482
2054,91,"female",13908.9850291425
2054,92,"female",11807.3661712213
2054,93,"female",9584.19862400294
2054,94,"female",7510.66667930289
2054,95,"female",21014.5002292454
2055,0,"female",33374.2432281273
2055,1,"female",33520.0941818649
2055,2,"female",33786.4768523301
2055,3,"female",34117.5402857855
2055,4,"female",34500.9441007359
2055,5,"female",34867.6734109188
2055,6,"female",35251.7156998891
2055,7,"female",35948.7306351748
2055,8,"female",36286.3902536798
2055,9,"female",36600.43254265
2055,10,"female",36951.0069732319
2055,11,"female",37230.2617419199
2055,12,"female",37545.5789091967
2055,13,"female",37714.5154757413
2055,14,"female",38005.7903540478
2055,15,"female",33943.2667519566
2055,16,"female",34112.1526287651
2055,17,"female",34249.328548282
2055,18,"female",34288.235355837
2055,19,"female",34306.8688652806
2055,20,"female",34246.3348437508
2055,21,"female",34180.8688815255
2055,22,"female",34180.707613531
2055,23,"female",34289.3829844675
2055,24,"female",34603.3002573956
2055,25,"female",35275.1666513482
2055,26,"female",35918.0818312017
2055,27,"female",36641.3404777905
2055,28,"female",37378.4043671906
2055,29,"female",38078.6567345554
2055,30,"female",38731.1067584242
2055,31,"female",38845.0732692299
2055,32,"female",39336.0544315582
2055,33,"female",42538.4931838132
2055,34,"female",42833.2795889527
2055,35,"female",43200.1848827335
2055,36,"female",44063.3314992055
2055,37,"female",44534.6770590154
2055,38,"female",45596.5692150479
2055,39,"female",45529.8487923831
2055,40,"female",46283.01429267
2055,41,"female",46519.1179504882
2055,42,"female",47627.2467252022
2055,43,"female",47850.0917364316
2055,44,"female",47914.4645062119
2055,45,"female",47948.7911981079
2055,46,"female",46984.7126571853
2055,47,"female",47544.8246873021
2055,48,"female",46397.0320029386
2055,49,"female",44184.5932506837
2055,50,"female",43359.4571601013
2055,51,"female",43151.3000782562
2055,52,"female",42142.2110719604
2055,53,"female",42076.6749411111
2055,54,"female",42657.1095072168
2055,55,"female",42931.8702180531
2055,56,"female",41364.4911690489
2055,57,"female",42387.1121200448
2055,58,"female",42673.7414433392
2055,59,"female",42837.315249532
2055,60,"female",43846.4127906935
2055,61,"female",44093.7007403272
2055,62,"female",45298.0735101075
2055,63,"female",45645.8169565933
2055,64,"female",45953.4483729624
2055,65,"female",45063.5727726087
2055,66,"female",43279.2000028284
2055,67,"female",42173.4816732382
2055,68,"female",39844.3224983184
2055,69,"female",38097.8963045113
2055,70,"female",37245.7507240175
2055,71,"female",35736.5004497272
2055,72,"female",34805.7925855103
2055,73,"female",33484.3559263299
2055,74,"female",31984.741254558
2055,75,"female",30951.3944125886
2055,76,"female",29962.8729332618
2055,77,"female",28480.7985784885
2055,78,"female",28030.9106086053
2055,79,"female",27173.3702916067
2055,80,"female",27554.4002698602
2055,81,"female",27737.3154497137
2055,82,"female",27633.7835050137
2055,83,"female",27384.8483903275
2055,84,"female",26618.4221965203
2055,85,"female",24329.8859718868
2055,86,"female",22975.7372623402
2055,87,"female",20974.0063743022
2055,88,"female",19103.8451063077
2055,89,"female",16947.1456143893
2055,90,"female",15319.4195952482
2055,91,"female",13798.9850291425
2055,92,"female",12067.3661712213
2055,93,"female",10024.1986240029
2055,94,"female",7950.66667930289
2055,95,"female",21934.5002292454
2056,0,"female",33334.2432281273
2056,1,"female",33470.0941818649
2056,2,"female",33726.4768523301
2056,3,"female",34057.5402857855
2056,4,"female",34440.9441007359
2056,5,"female",34817.6734109188
2056,6,"female",35221.7156998891
2056,7,"female",35938.7306351748
2056,8,"female",36306.3902536798
2056,9,"female",36650.43254265
2056,10,"female",37031.0069732319
2056,11,"female",37340.2617419199
2056,12,"female",37695.5789091967
2056,13,"female",37904.5154757413
2056,14,"female",38225.7903540478
2056,15,"female",34183.2667519566
2056,16,"female",34372.1526287651
2056,17,"female",34499.328548282
2056,18,"female",34528.235355837
2056,19,"female",34526.8688652806
2056,20,"female",34436.3348437508
2056,21,"female",34340.8688815255
2056,22,"female",34300.707613531
2056,23,"female",34389.3829844675
2056,24,"female",34673.3002573956
2056,25,"female",35335.1666513482
2056,26,"female",35968.0818312017
2056,27,"female",36691.3404777905
2056,28,"female",37438.4043671906
2056,29,"female",38158.6567345554
2056,30,"female",38841.1067584242
2056,31,"female",39445.0732692299
2056,32,"female",39556.0544315582
2056,33,"female",40038.4931838132
2056,34,"female",43223.2795889527
2056,35,"female",43430.1848827335
2056,36,"female",43823.3314992055
2056,37,"female",44664.6770590154
2056,38,"female",45076.5692150479
2056,39,"female",46099.8487923831
2056,40,"female",45943.01429267
2056,41,"female",46689.1179504882
2056,42,"female",46887.2467252022
2056,43,"female",47950.0917364316
2056,44,"female",48104.4645062119
2056,45,"female",48068.7911981079
2056,46,"female",48084.7126571853
2056,47,"female",47064.8246873021
2056,48,"female",47577.0320029386
2056,49,"female",46374.5932506837
2056,50,"female",44129.4571601013
2056,51,"female",43321.3000782562
2056,52,"female",43102.2110719604
2056,53,"female",42096.6749411111
2056,54,"female",42037.1095072168
2056,55,"female",42651.8702180531
2056,56,"female",42924.4911690489
2056,57,"female",41377.1121200448
2056,58,"female",42403.7414433392
2056,59,"female",42717.315249532
2056,60,"female",42876.4127906935
2056,61,"female",43873.7007403272
2056,62,"female",44118.0735101075
2056,63,"female",45305.8169565933
2056,64,"female",45623.4483729624
2056,65,"female",45883.5727726087
2056,66,"female",44979.2000028284
2056,67,"female",43193.4816732382
2056,68,"female",42064.3224983184
2056,69,"female",39727.8963045113
2056,70,"female",37945.7507240175
2056,71,"female",37086.5004497272
2056,72,"female",35555.7925855103
2056,73,"female",34594.3559263299
2056,74,"female",33264.741254558
2056,75,"female",31731.3944125886
2056,76,"female",30672.8729332618
2056,77,"female",29650.7985784885
2056,78,"female",28140.9106086053
2056,79,"female",27633.3702916067
2056,80,"female",26714.4002698602
2056,81,"female",26997.3154497137
2056,82,"female",27073.7835050137
2056,83,"female",26864.8483903275
2056,84,"female",26458.4221965203
2056,85,"female",25539.8859718868
2056,86,"female",23155.7372623402
2056,87,"female",21634.0063743022
2056,88,"female",19523.8451063077
2056,89,"female",17537.1456143893
2056,90,"female",15309.4195952482
2056,91,"female",13578.9850291425
2056,92,"female",11977.3661712213
2056,93,"female",10254.1986240029
2056,94,"female",8320.66667930289
2056,95,"female",23004.5002292454
2057,0,"female",33304.2432281273
2057,1,"female",33430.0941818649
2057,2,"female",33676.4768523301
2057,3,"female",33997.5402857855
2057,4,"female",34380.9441007359
2057,5,"female",34767.6734109188
2057,6,"female",35181.7156998891
2057,7,"female",35918.7306351748
2057,8,"female",36296.3902536798
2057,9,"female",36670.43254265
2057,10,"female",37081.0069732319
2057,11,"female",37420.2617419199
2057,12,"female",37805.5789091967
2057,13,"female",38054.5154757413
2057,14,"female",38405.7903540478
2057,15,"female",34403.2667519566
2057,16,"female",34612.1526287651
2057,17,"female",34749.328548282
2057,18,"female",34778.235355837
2057,19,"female",34766.8688652806
2057,20,"female",34656.3348437508
2057,21,"female",34530.8688815255
2057,22,"female",34470.707613531
2057,23,"female",34519.3829844675
2057,24,"female",34773.3002573956
2057,25,"female",35405.1666513482
2057,26,"female",36018.0818312017
2057,27,"female",36741.3404777905
2057,28,"female",37488.4043671906
2057,29,"female",38228.6567345554
2057,30,"female",38931.1067584242
2057,31,"female",39565.0732692299
2057,32,"female",40166.0544315582
2057,33,"female",40268.4931838132
2057,34,"female",40723.2795889527
2057,35,"female",43820.1848827335
2057,36,"female",44063.3314992055
2057,37,"female",44434.6770590154
2057,38,"female",45206.5692150479
2057,39,"female",45589.8487923831
2057,40,"female",46523.01429267
2057,41,"female",46359.1179504882
2057,42,"female",47057.2467252022
2057,43,"female",47210.0917364316
2057,44,"female",48204.4645062119
2057,45,"female",48268.7911981079
2057,46,"female",48204.7126571853
2057,47,"female",48164.8246873021
2057,48,"female",47097.0320029386
2057,49,"female",47564.5932506837
2057,50,"female",46329.4571601013
2057,51,"female",44091.3000782562
2057,52,"female",43272.2110719604
2057,53,"female",43056.6749411111
2057,54,"female",42057.1095072168
2057,55,"female",42031.8702180531
2057,56,"female",42644.4911690489
2057,57,"female",42927.1121200448
2057,58,"female",41393.7414433392
2057,59,"female",42447.315249532
2057,60,"female",42756.4127906935
2057,61,"female",42913.7007403272
2057,62,"female",43908.0735101075
2057,63,"female",44135.8169565933
2057,64,"female",45283.4483729624
2057,65,"female",45553.5727726087
2057,66,"female",45809.2000028284
2057,67,"female",44893.4816732382
2057,68,"female",43084.3224983184
2057,69,"female",41947.8963045113
2057,70,"female",39575.7507240175
2057,71,"female",37786.5004497272
2057,72,"female",36895.7925855103
2057,73,"female",35354.3559263299
2057,74,"female",34374.741254558
2057,75,"female",33001.3944125886
2057,76,"female",31452.8729332618
2057,77,"female",30360.7985784885
2057,78,"female",29300.9106086053
2057,79,"female",27743.3702916067
2057,80,"female",27174.4002698602
2057,81,"female",26187.3154497137
2057,82,"female",26353.7835050137
2057,83,"female",26334.8483903275
2057,84,"female",25978.4221965203
2057,85,"female",25409.8859718868
2057,86,"female",24325.7372623402
2057,87,"female",21824.0063743022
2057,88,"female",20153.8451063077
2057,89,"female",17937.1456143893
2057,90,"female",15859.4195952482
2057,91,"female",13578.9850291425
2057,92,"female",11807.3661712213
2057,93,"female",10194.1986240029
2057,94,"female",8520.66667930289
2057,95,"female",24144.5002292454
2058,0,"female",33284.2432281273
2058,1,"female",33400.0941818649
2058,2,"female",33626.4768523301
2058,3,"female",33947.5402857855
2058,4,"female",34330.9441007359
2058,5,"female",34707.6734109188
2058,6,"female",35121.7156998891
2058,7,"female",35868.7306351748
2058,8,"female",36266.3902536798
2058,9,"female",36660.43254265
2058,10,"female",37101.0069732319
2058,11,"female",37470.2617419199
2058,12,"female",37895.5789091967
2058,13,"female",38174.5154757413
2058,14,"female",38565.7903540478
2058,15,"female",34593.2667519566
2058,16,"female",34832.1526287651
2058,17,"female",34999.328548282
2058,18,"female",35038.235355837
2058,19,"female",35016.8688652806
2058,20,"female",34906.3348437508
2058,21,"female",34760.8688815255
2058,22,"female",34660.707613531
2058,23,"female",34679.3829844675
2058,24,"female",34903.3002573956
2058,25,"female",35515.1666513482
2058,26,"female",36098.0818312017
2058,27,"female",36811.3404777905
2058,28,"female",37548.4043671906
2058,29,"female",38278.6567345554
2058,30,"female",39001.1067584242
2058,31,"female",39655.0732692299
2058,32,"female",40286.0544315582
2058,33,"female",40878.4931838132
2058,34,"female",40953.2795889527
2058,35,"female",41330.1848827335
2058,36,"female",44453.3314992055
2058,37,"female",44674.6770590154
2058,38,"female",44976.5692150479
2058,39,"female",45719.8487923831
2058,40,"female",46013.01429267
2058,41,"female",46929.1179504882
2058,42,"female",46727.2467252022
2058,43,"female",47390.0917364316
2058,44,"female",47474.4645062119
2058,45,"female",48368.7911981079
2058,46,"female",48404.7126571853
2058,47,"female",48284.8246873021
2058,48,"female",48187.0320029386
2058,49,"female",47084.5932506837
2058,50,"female",47509.4571601013
2058,51,"female",46291.3000782562
2058,52,"female",44042.2110719604
2058,53,"female",43226.6749411111
2058,54,"female",43017.1095072168
2058,55,"female",42051.8702180531
2058,56,"female",42024.4911690489
2058,57,"female",42647.1121200448
2058,58,"female",42943.7414433392
2058,59,"female",41447.315249532
2058,60,"female",42486.4127906935
2058,61,"female",42803.7007403272
2058,62,"female",42938.0735101075
2058,63,"female",43925.8169565933
2058,64,"female",44113.4483729624
2058,65,"female",45223.5727726087
2058,66,"female",45489.2000028284
2058,67,"female",45713.4816732382
2058,68,"female",44784.3224983184
2058,69,"female",42957.8963045113
2058,70,"female",41785.7507240175
2058,71,"female",39416.5004497272
2058,72,"female",37605.7925855103
2058,73,"female",36694.3559263299
2058,74,"female",35124.741254558
2058,75,"female",34111.3944125886
2058,76,"female",32722.8729332618
2058,77,"female",31140.7985784885
2058,78,"female",30010.9106086053
2058,79,"female",28893.3702916067
2058,80,"female",27294.4002698602
2058,81,"female",26647.3154497137
2058,82,"female",25583.7835050137
2058,83,"female",25654.8483903275
2058,84,"female",25468.4221965203
2058,85,"female",24949.8859718868
2058,86,"female",24215.7372623402
2058,87,"female",22934.0063743022
2058,88,"female",20343.8451063077
2058,89,"female",18537.1456143893
2058,90,"female",16229.4195952482
2058,91,"female",14078.9850291425
2058,92,"female",11817.3661712213
2058,93,"female",10054.1986240029
2058,94,"female",8470.66667930289
2058,95,"female",25184.5002292454
2059,0,"female",33294.2432281273
2059,1,"female",33390.0941818649
2059,2,"female",33606.4768523301
2059,3,"female",33907.5402857855
2059,4,"female",34280.9441007359
2059,5,"female",34657.6734109188
2059,6,"female",35071.7156998891
2059,7,"female",35818.7306351748
2059,8,"female",36226.3902536798
2059,9,"female",36640.43254265
2059,10,"female",37101.0069732319
2059,11,"female",37490.2617419199
2059,12,"female",37945.5789091967
2059,13,"female",38264.5154757413
2059,14,"female",38685.7903540478
2059,15,"female",34753.2667519566
2059,16,"female",35022.1526287651
2059,17,"female",35219.328548282
2059,18,"female",35288.235355837
2059,19,"female",35276.8688652806
2059,20,"female",35166.3348437508
2059,21,"female",35000.8688815255
2059,22,"female",34890.707613531
2059,23,"female",34879.3829844675
2059,24,"female",35073.3002573956
2059,25,"female",35645.1666513482
2059,26,"female",36208.0818312017
2059,27,"female",36891.3404777905
2059,28,"female",37608.4043671906
2059,29,"female",38338.6567345554
2059,30,"female",39061.1067584242
2059,31,"female",39725.0732692299
2059,32,"female",40376.0544315582
2059,33,"female",40998.4931838132
2059,34,"female",41563.2795889527
2059,35,"female",41560.1848827335
2059,36,"female",41963.3314992055
2059,37,"female",45064.6770590154
2059,38,"female",45226.5692150479
2059,39,"female",45499.8487923831
2059,40,"female",46153.01429267
2059,41,"female",46429.1179504882
2059,42,"female",47307.2467252022
2059,43,"female",47060.0917364316
2059,44,"female",47654.4645062119
2059,45,"female",47638.7911981079
2059,46,"female",48504.7126571853
2059,47,"female",48484.8246873021
2059,48,"female",48317.0320029386
2059,49,"female",48184.5932506837
2059,50,"female",47039.4571601013
2059,51,"female",47471.3000782562
2059,52,"female",46242.2110719604
2059,53,"female",44006.6749411111
2059,54,"female",43187.1095072168
2059,55,"female",43011.8702180531
2059,56,"female",42044.4911690489
2059,57,"female",42027.1121200448
2059,58,"female",42663.7414433392
2059,59,"female",42997.315249532
2059,60,"female",41486.4127906935
2059,61,"female",42533.7007403272
2059,62,"female",42838.0735101075
2059,63,"female",42965.8169565933
2059,64,"female",43903.4483729624
2059,65,"female",44063.5727726087
2059,66,"female",45149.2000028284
2059,67,"female",45403.4816732382
2059,68,"female",45604.3224983184
2059,69,"female",44657.8963045113
2059,70,"female",42805.7507240175
2059,71,"female",41616.5004497272
2059,72,"female",39225.7925855103
2059,73,"female",37404.3559263299
2059,74,"female",36464.741254558
2059,75,"female",34871.3944125886
2059,76,"female",33822.8729332618
2059,77,"female",32400.7985784885
2059,78,"female",30780.9106086053
2059,79,"female",29593.3702916067
2059,80,"female",28434.4002698602
2059,81,"female",26767.3154497137
2059,82,"female",26033.7835050137
2059,83,"female",24914.8483903275
2059,84,"female",24828.4221965203
2059,85,"female",24479.8859718868
2059,86,"female",23795.7372623402
2059,87,"female",22844.0063743022
2059,88,"female",21403.8451063077
2059,89,"female",18727.1456143893
2059,90,"female",16779.4195952482
2059,91,"female",14428.9850291425
2059,92,"female",12267.3661712213
2059,93,"female",10074.1986240029
2059,94,"female",8370.66667930289
2059,95,"female",25974.5002292454
2060,0,"female",33324.2432281273
2060,1,"female",33390.0941818649
2060,2,"female",33596.4768523301
2060,3,"female",33877.5402857855
2060,4,"female",34240.9441007359
2060,5,"female",34607.6734109188
2060,6,"female",35021.7156998891
2060,7,"female",35768.7306351748
2060,8,"female",36176.3902536798
2060,9,"female",36600.43254265
2060,10,"female",37071.0069732319
2060,11,"female",37490.2617419199
2060,12,"female",37965.5789091967
2060,13,"female",38314.5154757413
2060,14,"female",38775.7903540478
2060,15,"female",34873.2667519566
2060,16,"female",35182.1526287651
2060,17,"female",35409.328548282
2060,18,"female",35508.235355837
2060,19,"female",35526.8688652806
2060,20,"female",35426.3348437508
2060,21,"female",35260.8688815255
2060,22,"female",35140.707613531
2060,23,"female",35109.3829844675
2060,24,"female",35273.3002573956
2060,25,"female",35815.1666513482
2060,26,"female",36348.0818312017
2060,27,"female",37001.3404777905
2060,28,"female",37698.4043671906
2060,29,"female",38408.6567345554
2060,30,"female",39121.1067584242
2060,31,"female",39785.0732692299
2060,32,"female",40446.0544315582
2060,33,"female",41088.4931838132
2060,34,"female",41683.2795889527
2060,35,"female",42170.1848827335
2060,36,"female",42203.3314992055
2060,37,"female",42574.6770590154
2060,38,"female",45616.5692150479
2060,39,"female",45749.8487923831
2060,40,"female",45923.01429267
2060,41,"female",46559.1179504882
2060,42,"female",46807.2467252022
2060,43,"female",47640.0917364316
2060,44,"female",47324.4645062119
2060,45,"female",47818.7911981079
2060,46,"female",47774.7126571853
2060,47,"female",48594.8246873021
2060,48,"female",48517.0320029386
2060,49,"female",48314.5932506837
2060,50,"female",48129.4571601013
2060,51,"female",47001.3000782562
2060,52,"female",47422.2110719604
2060,53,"female",46196.6749411111
2060,54,"female",43967.1095072168
2060,55,"female",43181.8702180531
2060,56,"female",43004.4911690489
2060,57,"female",42057.1121200448
2060,58,"female",42053.7414433392
2060,59,"female",42717.315249532
2060,60,"female",43036.4127906935
2060,61,"female",41533.7007403272
2060,62,"female",42568.0735101075
2060,63,"female",42855.8169565933
2060,64,"female",42953.4483729624
2060,65,"female",43853.5727726087
2060,66,"female",43999.2000028284
2060,67,"female",45073.4816732382
2060,68,"female",45294.3224983184
2060,69,"female",45477.8963045113
2060,70,"female",44495.7507240175
2060,71,"female",42636.5004497272
2060,72,"female",41425.7925855103
2060,73,"female",39014.3559263299
2060,74,"female",37174.741254558
2060,75,"female",36201.3944125886
2060,76,"female",34582.8729332618
2060,77,"female",33500.7985784885
2060,78,"female",32040.9106086053
2060,79,"female",30373.3702916067
2060,80,"female",29134.4002698602
2060,81,"female",27897.3154497137
2060,82,"female",26163.7835050137
2060,83,"female",25364.8483903275
2060,84,"female",24118.4221965203
2060,85,"female",23869.8859718868
2060,86,"female",23355.7372623402
2060,87,"female",22464.0063743022
2060,88,"female",21333.8451063077
2060,89,"female",19707.1456143893
2060,90,"female",16969.4195952482
2060,91,"female",14928.9850291425
2060,92,"female",12577.3661712213
2060,93,"female",10464.1986240029
2060,94,"female",8390.66667930289
2060,95,"female",26484.5002292454
2061,0,"female",33374.2432281273
2061,1,"female",33420.0941818649
2061,2,"female",33606.4768523301
2061,3,"female",33877.5402857855
2061,4,"female",34220.9441007359
2061,5,"female",34567.6734109188
2061,6,"female",34971.7156998891
2061,7,"female",35718.7306351748
2061,8,"female",36126.3902536798
2061,9,"female",36550.43254265
2061,10,"female",37041.0069732319
2061,11,"female",37470.2617419199
2061,12,"female",37965.5789091967
2061,13,"female",38334.5154757413
2061,14,"female",38825.7903540478
2061,15,"female",34963.2667519566
2061,16,"female",35302.1526287651
2061,17,"female",35569.328548282
2061,18,"female",35698.235355837
2061,19,"female",35756.8688652806
2061,20,"female",35676.3348437508
2061,21,"female",35530.8688815255
2061,22,"female",35400.707613531
2061,23,"female",35359.3829844675
2061,24,"female",35503.3002573956
2061,25,"female",36025.1666513482
2061,26,"female",36518.0818312017
2061,27,"female",37141.3404777905
2061,28,"female",37808.4043671906
2061,29,"female",38498.6567345554
2061,30,"female",39191.1067584242
2061,31,"female",39845.0732692299
2061,32,"female",40516.0544315582
2061,33,"female",41168.4931838132
2061,34,"female",41783.2795889527
2061,35,"female",42300.1848827335
2061,36,"female",42813.3314992055
2061,37,"female",42814.6770590154
2061,38,"female",43136.5692150479
2061,39,"female",46139.8487923831
2061,40,"female",46173.01429267
2061,41,"female",46339.1179504882
2061,42,"female",46947.2467252022
2061,43,"female",47140.0917364316
2061,44,"female",47914.4645062119
2061,45,"female",47488.7911981079
2061,46,"female",47954.7126571853
2061,47,"female",47864.8246873021
2061,48,"female",48627.0320029386
2061,49,"female",48514.5932506837
2061,50,"female",48269.4571601013
2061,51,"female",48091.3000782562
2061,52,"female",46952.2110719604
2061,53,"female",47386.6749411111
2061,54,"female",46157.1095072168
2061,55,"female",43961.8702180531
2061,56,"female",43184.4911690489
2061,57,"female",43017.1121200448
2061,58,"female",42083.7414433392
2061,59,"female",42107.315249532
2061,60,"female",42766.4127906935
2061,61,"female",43083.7007403272
2061,62,"female",41578.0735101075
2061,63,"female",42595.8169565933
2061,64,"female",42853.4483729624
2061,65,"female",42913.5727726087
2061,66,"female",43799.2000028284
2061,67,"female",43933.4816732382
2061,68,"female",44974.3224983184
2061,69,"female",45177.8963045113
2061,70,"female",45325.7507240175
2061,71,"female",44316.5004497272
2061,72,"female",42435.7925855103
2061,73,"female",41204.3559263299
2061,74,"female",38784.741254558
2061,75,"female",36911.3944125886
2061,76,"female",35912.8729332618
2061,77,"female",34260.7985784885
2061,78,"female",33130.9106086053
2061,79,"female",31613.3702916067
2061,80,"female",29904.4002698602
2061,81,"female",28587.3154497137
2061,82,"female",27283.7835050137
2061,83,"female",25494.8483903275
2061,84,"female",24568.4221965203
2061,85,"female",23199.8859718868
2061,86,"female",22785.7372623402
2061,87,"female",22064.0063743022
2061,88,"female",20983.8451063077
2061,89,"female",19657.1456143893
2061,90,"female",17869.4195952482
2061,91,"female",15108.9850291425
2061,92,"female",13027.3661712213
2061,93,"female",10734.1986240029
2061,94,"female",8720.66667930289
2061,95,"female",26914.5002292454
2062,0,"female",33434.2432281273
2062,1,"female",33470.0941818649
2062,2,"female",33636.4768523301
2062,3,"female",33887.5402857855
2062,4,"female",34210.9441007359
2062,5,"female",34547.6734109188
2062,6,"female",34941.7156998891
2062,7,"female",35678.7306351748
2062,8,"female",36076.3902536798
2062,9,"female",36500.43254265
2062,10,"female",36991.0069732319
2062,11,"female",37440.2617419199
2062,12,"female",37945.5789091967
2062,13,"female",38334.5154757413
2062,14,"female",38855.7903540478
2062,15,"female",35013.2667519566
2062,16,"female",35392.1526287651
2062,17,"female",35699.328548282
2062,18,"female",35868.235355837
2062,19,"female",35946.8688652806
2062,20,"female",35896.3348437508
2062,21,"female",35780.8688815255
2062,22,"female",35670.707613531
2062,23,"female",35629.3829844675
2062,24,"female",35763.3002573956
2062,25,"female",36265.1666513482
2062,26,"female",36728.0818312017
2062,27,"female",37321.3404777905
2062,28,"female",37958.4043671906
2062,29,"female",38608.6567345554
2062,30,"female",39281.1067584242
2062,31,"female",39925.0732692299
2062,32,"female",40576.0544315582
2062,33,"female",41238.4931838132
2062,34,"female",41863.2795889527
2062,35,"female",42400.1848827335
2062,36,"female",42943.3314992055
2062,37,"female",43434.6770590154
2062,38,"female",43376.5692150479
2062,39,"female",43659.8487923831
2062,40,"female",46573.01429267
2062,41,"female",46599.1179504882
2062,42,"female",46727.2467252022
2062,43,"female",47280.0917364316
2062,44,"female",47414.4645062119
2062,45,"female",48078.7911981079
2062,46,"female",47634.7126571853
2062,47,"female",48044.8246873021
2062,48,"female",47897.0320029386
2062,49,"female",48624.5932506837
2062,50,"female",48469.4571601013
2062,51,"female",48231.3000782562
2062,52,"female",48052.2110719604
2062,53,"female",46916.6749411111
2062,54,"female",47347.1095072168
2062,55,"female",46151.8702180531
2062,56,"female",43954.4911690489
2062,57,"female",43197.1121200448
2062,58,"female",43043.7414433392
2062,59,"female",42137.315249532
2062,60,"female",42156.4127906935
2062,61,"female",42813.7007403272
2062,62,"female",43128.0735101075
2062,63,"female",41605.8169565933
2062,64,"female",42593.4483729624
2062,65,"female",42813.5727726087
2062,66,"female",42859.2000028284
2062,67,"female",43733.4816732382
2062,68,"female",43834.3224983184
2062,69,"female",44857.8963045113
2062,70,"female",45015.7507240175
2062,71,"female",45156.5004497272
2062,72,"female",44125.7925855103
2062,73,"female",42224.3559263299
2062,74,"female",40964.741254558
2062,75,"female",38511.3944125886
2062,76,"female",36622.8729332618
2062,77,"female",35570.7985784885
2062,78,"female",33890.9106086053
2062,79,"female",32703.3702916067
2062,80,"female",31134.4002698602
2062,81,"female",29357.3154497137
2062,82,"female",27973.7835050137
2062,83,"female",26594.8483903275
2062,84,"female",24708.4221965203
2062,85,"female",23649.8859718868
2062,86,"female",22165.7372623402
2062,87,"female",21544.0063743022
2062,88,"female",20633.8451063077
2062,89,"female",19357.1456143893
2062,90,"female",17839.4195952482
2062,91,"female",15928.9850291425
2062,92,"female",13197.3661712213
2062,93,"female",11124.1986240029
2062,94,"female",8960.66667930289
2062,95,"female",27514.5002292454
2063,0,"female",33514.2432281273
2063,1,"female",33540.0941818649
2063,2,"female",33686.4768523301
2063,3,"female",33917.5402857855
2063,4,"female",34230.9441007359
2063,5,"female",34547.6734109188
2063,6,"female",34921.7156998891
2063,7,"female",35648.7306351748
2063,8,"female",36036.3902536798
2063,9,"female",36460.43254265
2063,10,"female",36951.0069732319
2063,11,"female",37390.2617419199
2063,12,"female",37915.5789091967
2063,13,"female",38324.5154757413
2063,14,"female",38855.7903540478
2063,15,"female",35043.2667519566
2063,16,"female",35452.1526287651
2063,17,"female",35789.328548282
2063,18,"female",35988.235355837
2063,19,"female",36116.8688652806
2063,20,"female",36096.3348437508
2063,21,"female",36010.8688815255
2063,22,"female",35920.707613531
2063,23,"female",35899.3829844675
2063,24,"female",36033.3002573956
2063,25,"female",36515.1666513482
2063,26,"female",36968.0818312017
2063,27,"female",37531.3404777905
2063,28,"female",38138.4043671906
2063,29,"female",38758.6567345554
2063,30,"female",39401.1067584242
2063,31,"female",40015.0732692299
2063,32,"female",40656.0544315582
2063,33,"female",41308.4931838132
2063,34,"female",41933.2795889527
2063,35,"female",42480.1848827335
2063,36,"female",43053.3314992055
2063,37,"female",43564.6770590154
2063,38,"female",43996.5692150479
2063,39,"female",43909.8487923831
2063,40,"female",44103.01429267
2063,41,"female",46999.1179504882
2063,42,"female",46987.2467252022
2063,43,"female",47070.0917364316
2063,44,"female",47554.4645062119
2063,45,"female",47588.7911981079
2063,46,"female",48224.7126571853
2063,47,"female",47734.8246873021
2063,48,"female",48087.0320029386
2063,49,"female",47894.5932506837
2063,50,"female",48579.4571601013
2063,51,"female",48431.3000782562
2063,52,"female",48182.2110719604
2063,53,"female",48016.6749411111
2063,54,"female",46877.1095072168
2063,55,"female",47341.8702180531
2063,56,"female",46154.4911690489
2063,57,"female",43967.1121200448
2063,58,"female",43223.7414433392
2063,59,"female",43097.315249532
2063,60,"female",42186.4127906935
2063,61,"female",42213.7007403272
2063,62,"female",42858.0735101075
2063,63,"female",43155.8169565933
2063,64,"female",41613.4483729624
2063,65,"female",42553.5727726087
2063,66,"female",42759.2000028284
2063,67,"female",42793.4816732382
2063,68,"female",43644.3224983184
2063,69,"female",43727.8963045113
2063,70,"female",44705.7507240175
2063,71,"female",44856.5004497272
2063,72,"female",44955.7925855103
2063,73,"female",43904.3559263299
2063,74,"female",41974.741254558
2063,75,"female",40681.3944125886
2063,76,"female",38212.8729332618
2063,77,"female",36290.7985784885
2063,78,"female",35200.9106086053
2063,79,"female",33453.3702916067
2063,80,"female",32214.4002698602
2063,81,"female",30577.3154497137
2063,82,"female",28723.7835050137
2063,83,"female",27274.8483903275
2063,84,"female",25778.4221965203
2063,85,"female",23799.8859718868
2063,86,"female",22595.7372623402
2063,87,"female",20964.0063743022
2063,88,"female",20153.8451063077
2063,89,"female",19047.1456143893
2063,90,"female",17579.4195952482
2063,91,"female",15908.9850291425
2063,92,"female",13917.3661712213
2063,93,"female",11284.1986240029
2063,94,"female",9300.66667930289
2063,95,"female",28194.5002292454
2064,0,"female",33604.2432281273
2064,1,"female",33620.0941818649
2064,2,"female",33756.4768523301
2064,3,"female",33967.5402857855
2064,4,"female",34260.9441007359
2064,5,"female",34557.6734109188
2064,6,"female",34921.7156998891
2064,7,"female",35628.7306351748
2064,8,"female",36006.3902536798
2064,9,"female",36420.43254265
2064,10,"female",36901.0069732319
2064,11,"female",37350.2617419199
2064,12,"female",37875.5789091967
2064,13,"female",38294.5154757413
2064,14,"female",38845.7903540478
2064,15,"female",35053.2667519566
2064,16,"female",35482.1526287651
2064,17,"female",35849.328548282
2064,18,"female",36088.235355837
2064,19,"female",36236.8688652806
2064,20,"female",36266.3348437508
2064,21,"female",36210.8688815255
2064,22,"female",36150.707613531
2064,23,"female",36149.3829844675
2064,24,"female",36303.3002573956
2064,25,"female",36795.1666513482
2064,26,"female",37238.0818312017
2064,27,"female",37781.3404777905
2064,28,"female",38358.4043671906
2064,29,"female",38948.6567345554
2064,30,"female",39551.1067584242
2064,31,"female",40145.0732692299
2064,32,"female",40756.0544315582
2064,33,"female",41388.4931838132
2064,34,"female",42003.2795889527
2064,35,"female",42560.1848827335
2064,36,"female",43133.3314992055
2064,37,"female",43674.6770590154
2064,38,"female",44136.5692150479
2064,39,"female",44529.8487923831
2064,40,"female",44343.01429267
2064,41,"female",44529.1179504882
2064,42,"female",47387.2467252022
2064,43,"female",47320.0917364316
2064,44,"female",47344.4645062119
2064,45,"female",47728.7911981079
2064,46,"female",47734.7126571853
2064,47,"female",48314.8246873021
2064,48,"female",47767.0320029386
2064,49,"female",48084.5932506837
2064,50,"female",47859.4571601013
2064,51,"female",48551.3000782562
2064,52,"female",48392.2110719604
2064,53,"female",48146.6749411111
2064,54,"female",47977.1095072168
2064,55,"female",46881.8702180531
2064,56,"female",47334.4911690489
2064,57,"female",46157.1121200448
2064,58,"female",44003.7414433392
2064,59,"female",43277.315249532
2064,60,"female",43156.4127906935
2064,61,"female",42243.7007403272
2064,62,"female",42258.0735101075
2064,63,"female",42895.8169565933
2064,64,"female",43163.4483729624
2064,65,"female",41573.5727726087
2064,66,"female",42509.2000028284
2064,67,"female",42703.4816732382
2064,68,"female",42714.3224983184
2064,69,"female",43537.8963045113
2064,70,"female",43585.7507240175
2064,71,"female",44546.5004497272
2064,72,"female",44665.7925855103
2064,73,"female",44734.3559263299
2064,74,"female",43654.741254558
2064,75,"female",41701.3944125886
2064,76,"female",40372.8729332618
2064,77,"female",37870.7985784885
2064,78,"female",35910.9106086053
2064,79,"female",34753.3702916067
2064,80,"female",32964.4002698602
2064,81,"female",31647.3154497137
2064,82,"female",29933.7835050137
2064,83,"female",28024.8483903275
2064,84,"female",26448.4221965203
2064,85,"female",24839.8859718868
2064,86,"female",22755.7372623402
2064,87,"female",21394.0063743022
2064,88,"female",19623.8451063077
2064,89,"female",18617.1456143893
2064,90,"female",17309.4195952482
2064,91,"female",15698.9850291425
2064,92,"female",13917.3661712213
2064,93,"female",11914.1986240029
2064,94,"female",9440.66667930289
2064,95,"female",29014.5002292454
2065,0,"female",33714.2432281273
2065,1,"female",33710.0941818649
2065,2,"female",33836.4768523301
2065,3,"female",34037.5402857855
2065,4,"female",34310.9441007359
2065,5,"female",34597.6734109188
2065,6,"female",34941.7156998891
2065,7,"female",35628.7306351748
2065,8,"female",35996.3902536798
2065,9,"female",36390.43254265
2065,10,"female",36861.0069732319
2065,11,"female",37310.2617419199
2065,12,"female",37825.5789091967
2065,13,"female",38254.5154757413
2065,14,"female",38815.7903540478
2065,15,"female",35043.2667519566
2065,16,"female",35492.1526287651
2065,17,"female",35879.328548282
2065,18,"female",36148.235355837
2065,19,"female",36336.8688652806
2065,20,"female",36396.3348437508
2065,21,"female",36370.8688815255
2065,22,"female",36350.707613531
2065,23,"female",36389.3829844675
2065,24,"female",36563.3002573956
2065,25,"female",37065.1666513482
2065,26,"female",37508.0818312017
2065,27,"female",38041.3404777905
2065,28,"female",38598.4043671906
2065,29,"female",39168.6567345554
2065,30,"female",39741.1067584242
2065,31,"female",40295.0732692299
2065,32,"female",40876.0544315582
2065,33,"female",41488.4931838132
2065,34,"female",42083.2795889527
2065,35,"female",42630.1848827335
2065,36,"female",43213.3314992055
2065,37,"female",43764.6770590154
2065,38,"female",44246.5692150479
2065,39,"female",44669.8487923831
2065,40,"female",44973.01429267
2065,41,"female",44779.1179504882
2065,42,"female",44917.2467252022
2065,43,"female",47730.0917364316
2065,44,"female",47594.4645062119
2065,45,"female",47518.7911981079
2065,46,"female",47874.7126571853
2065,47,"female",47824.8246873021
2065,48,"female",48357.0320029386
2065,49,"female",47774.5932506837
2065,50,"female",48049.4571601013
2065,51,"female",47831.3000782562
2065,52,"female",48502.2110719604
2065,53,"female",48356.6749411111
2065,54,"female",48117.1095072168
2065,55,"female",47971.8702180531
2065,56,"female",46874.4911690489
2065,57,"female",47347.1121200448
2065,58,"female",46193.7414433392
2065,59,"female",44057.315249532
2065,60,"female",43336.4127906935
2065,61,"female",43213.7007403272
2065,62,"female",42298.0735101075
2065,63,"female",42295.8169565933
2065,64,"female",42893.4483729624
2065,65,"female",43123.5727726087
2065,66,"female",41539.2000028284
2065,67,"female",42453.4816732382
2065,68,"female",42624.3224983184
2065,69,"female",42617.8963045113
2065,70,"female",43405.7507240175
2065,71,"female",43436.5004497272
2065,72,"female",44365.7925855103
2065,73,"female",44454.3559263299
2065,74,"female",44484.741254558
2065,75,"female",43371.3944125886
2065,76,"female",41382.8729332618
2065,77,"female",40020.7985784885
2065,78,"female",37490.9106086053
2065,79,"female",35463.3702916067
2065,80,"female",34254.4002698602
2065,81,"female",32397.3154497137
2065,82,"female",30983.7835050137
2065,83,"female",29214.8483903275
2065,84,"female",27188.4221965203
2065,85,"female",25499.8859718868
2065,86,"female",23765.7372623402
2065,87,"female",21554.0063743022
2065,88,"female",20033.8451063077
2065,89,"female",18147.1456143893
2065,90,"female",16939.4195952482
2065,91,"female",15468.9850291425
2065,92,"female",13737.3661712213
2065,93,"female",11924.1986240029
2065,94,"female",9970.66667930289
2065,95,"female",29784.5002292454
2026,0,"male",32186.9042333854
2026,1,"male",32176.139116471
2026,2,"male",31670.1786214914
2026,3,"male",32100.7832980698
2026,4,"male",34103.0950441593
2026,5,"male",35183.2255053702
2026,6,"male",34827.976647193
2026,7,"male",36022.9046246981
2026,8,"male",36033.6697416126
2026,9,"male",36647.2814057368
2026,10,"male",37279.0612796341
2026,11,"male",37871.1427099294
2026,12,"male",38129.5055158764
2026,13,"male",38840.0032322308
2026,14,"male",39259.8427918947
2026,15,"male",36685.0449279513
2026,16,"male",37298.8956476876
2026,17,"male",37417.7054644108
2026,18,"male",37982.0520938459
2026,19,"male",36912.7637433374
2026,20,"male",34636.2393492426
2026,21,"male",34111.4959920486
2026,22,"male",34022.3886295062
2026,23,"male",33289.7280930467
2026,24,"male",32834.2904622746
2026,25,"male",33905.6016856609
2026,26,"male",34519.4524053973
2026,27,"male",33846.1967772994
2026,28,"male",34905.5843097476
2026,29,"male",35539.2366656045
2026,30,"male",37557.6267204454
2026,31,"male",38547.7085264718
2026,32,"male",39418.9805157751
2026,33,"male",41032.8138595981
2026,34,"male",42389.2259338542
2026,35,"male",42876.9299858001
2026,36,"male",42570.004625932
2026,37,"male",41263.0966419771
2026,38,"male",40906.6671918076
2026,39,"male",40045.2960205647
2026,40,"male",38223.8900956837
2026,41,"male",37322.9156521997
2026,42,"male",36966.4862020302
2026,43,"male",36154.6191210886
2026,44,"male",34877.4135913145
2026,45,"male",33979.6079908992
2026,46,"male",33029.1294571138
2026,47,"male",31910.337016304
2026,48,"male",30514.3216698068
2026,49,"male",30692.5363948915
2026,50,"male",30174.5093544696
2026,51,"male",30194.3109905902
2026,52,"male",31045.7813437729
2026,53,"male",31659.6320635092
2026,54,"male",32362.5901457879
2026,55,"male",32462.3232887226
2026,56,"male",31195.0185770089
2026,57,"male",31066.3079422254
2026,58,"male",30244.5400432235
2026,59,"male",29492.0778706435
2026,60,"male",29386.5431397884
2026,61,"male",29604.3611371142
2026,62,"male",30178.6085846095
2026,63,"male",30376.6249458148
2026,64,"male",30000.3938595248
2026,65,"male",29201.9256874106
2026,66,"male",27845.5136131545
2026,67,"male",27261.3653475989
2026,68,"male",25954.4573636441
2026,69,"male",25003.9788298587
2026,70,"male",24094.4804917497
2026,71,"male",23074.6962315425
2026,72,"male",22203.4242422393
2026,73,"male",21015.3260750076
2026,74,"male",20233.1614482467
2026,75,"male",19467.6078387717
2026,76,"male",18923.0628454572
2026,77,"male",17923.0802213706
2026,78,"male",17447.8409544779
2026,79,"male",16824.0894166813
2026,80,"male",13446.0931966022
2026,81,"male",12069.8794862255
2026,82,"male",11010.4919537773
2026,83,"male",8911.51852500135
2026,84,"male",9287.74961129138
2026,85,"male",8317.30509721133
2026,86,"male",6941.09138683465
2026,87,"male",5574.77849451823
2026,88,"male",4683.70486909448
2026,89,"male",3792.63124367073
2026,90,"male",3059.75803314733
2026,91,"male",2445.90731341097
2026,92,"male",1960.76722845804
2026,93,"male",1445.92468932431
2026,94,"male",1119.1976933356
2026,95,"male",2624.12203849572
2027,0,"male",32598.8395957351
2027,1,"male",32609.7451164875
2027,2,"male",32740.6113655166
2027,3,"male",32282.5794939147
2027,4,"male",32773.3279277739
2027,5,"male",34834.4089747037
2027,6,"male",35924.9610499465
2027,7,"male",35575.9843858688
2027,8,"male",36797.4027101407
2027,9,"male",36808.3082308931
2027,10,"male",37437.9209818087
2027,11,"male",38081.346706202
2027,12,"male",38692.0558683379
2027,13,"male",38975.599407901
2027,14,"male",39738.985860571
2027,15,"male",36557.9681466181
2027,16,"male",37191.7598688543
2027,17,"male",37914.6785520299
2027,18,"male",38053.3204912691
2027,19,"male",38568.276265586
2027,20,"male",37320.09941533
2027,21,"male",34933.4774612843
2027,22,"male",34319.491730368
2027,23,"male",34210.5587781087
2027,24,"male",33467.8341036132
2027,25,"male",33070.3015254867
2027,26,"male",34060.6010914807
2027,27,"male",34743.9077920166
2027,28,"male",34149.7280524202
2027,29,"male",35278.6695576534
2027,30,"male",36028.4308717301
2027,31,"male",37969.4180210784
2027,32,"male",38949.8145914125
2027,33,"male",39831.1812051472
2027,34,"male",41435.4665020576
2027,35,"male",42780.3570253661
2027,36,"male",43305.2157953429
2027,37,"male",42968.513942905
2027,38,"male",41651.4155201329
2027,39,"male",41255.2956937353
2027,40,"male",40310.6992197908
2027,41,"male",38498.4510140217
2027,42,"male",37557.6664263274
2027,43,"male",37161.5465999298
2027,44,"male",36290.082981855
2027,45,"male",34923.5183844109
2027,46,"male",34022.3457793563
2027,47,"male",33041.9492090222
2027,48,"male",31883.2987168092
2027,49,"male",30457.2673417777
2027,50,"male",30586.1856484961
2027,51,"male",30071.2298741792
2027,52,"male",30081.1328698391
2027,53,"male",30922.8875009341
2027,54,"male",31546.7762275103
2027,55,"male",32250.5079257648
2027,56,"male",32349.5378823642
2027,57,"male",31091.8574335517
2027,58,"male",30963.1184899725
2027,59,"male",30151.0728458574
2027,60,"male",29409.7800585388
2027,61,"male",29290.9441106195
2027,62,"male",29498.9070194783
2027,63,"male",30053.4747764349
2027,64,"male",30221.8257026539
2027,65,"male",29830.141926962
2027,66,"male",29008.193287187
2027,67,"male",27631.6768904553
2027,68,"male",27007.788163879
2027,69,"male",25690.6897411069
2027,70,"male",24703.0150749587
2027,71,"male",23762.2304872643
2027,72,"male",22722.4159429706
2027,73,"male",21811.340342256
2027,74,"male",20593.2718760834
2027,75,"male",19778.5019339089
2027,76,"male",18976.3592854537
2027,77,"male",18382.1795458573
2027,78,"male",17342.3650015635
2027,79,"male",16807.6032359267
2027,80,"male",16122.7448733737
2027,81,"male",12805.2413272936
2027,82,"male",11418.821934902
2027,83,"male",10339.3954079685
2027,84,"male",8289.47530636078
2027,85,"male",8546.81286885558
2027,86,"male",7556.51330286154
2027,87,"male",6229.51188442951
2027,88,"male",4912.41346165743
2027,89,"male",4060.75583490255
2027,90,"male",3218.81961284689
2027,91,"male",2535.512912311
2027,92,"male",1980.94515535433
2027,93,"male",1545.21334631695
2027,94,"male",1109.48153727957
2027,95,"male",2713.76683418992
2028,0,"male",32981.5457884812
2028,1,"male",33025.723753127
2028,2,"male",33191.3911205487
2028,3,"male",33379.1474702933
2028,4,"male",32970.5012973198
2028,5,"male",33495.5392315769
2028,6,"male",35582.9480610902
2028,7,"male",36698.4416683962
2028,8,"male",36356.0624423914
2028,9,"male",37593.0454524733
2028,10,"male",37601.8184700791
2028,11,"male",38253.4434486044
2028,12,"male",38905.0684271296
2028,13,"male",39545.6489144935
2028,14,"male",39876.9836493369
2028,15,"male",36534.6752332565
2028,16,"male",37079.4645947337
2028,17,"male",37832.264439684
2028,18,"male",38575.1590235165
2028,19,"male",38664.3063735764
2028,20,"male",39035.586992402
2028,21,"male",37658.7556970324
2028,22,"male",35172.535156473
2028,23,"male",34538.5984449359
2028,24,"male",34409.8300504049
2028,25,"male",33717.0697305599
2028,26,"male",33261.4277191426
2028,27,"male",34311.3853976259
2028,28,"male",35064.1852425762
2028,29,"male",34539.2064033345
2028,30,"male",35779.1144526849
2028,31,"male",36452.6722086931
2028,32,"male",38374.2928655398
2028,33,"male",39364.8189773165
2028,34,"male",40246.3872167978
2028,35,"male",41846.4473565557
2028,36,"male",43213.3733908076
2028,37,"male",43718.5417078137
2028,38,"male",43371.8575686918
2028,39,"male",42014.8367955578
2028,40,"male",41543.2351702872
2028,41,"male",40602.2353640994
2028,42,"male",38749.951535077
2028,43,"male",37759.4254233003
2028,44,"male",37303.7834118831
2028,45,"male",36361.9722404391
2028,46,"male",34985.1409450695
2028,47,"male",34044.1411388817
2028,48,"male",33023.8992437517
2028,49,"male",31825.3626485019
2028,50,"male",30364.050519944
2028,51,"male",30492.818914475
2028,52,"male",29967.8400752333
2028,53,"male",29977.7453363511
2028,54,"male",30819.6925313613
2028,55,"male",31444.2016102421
2028,56,"male",32147.4751496035
2028,57,"male",32246.5277607812
2028,58,"male",30998.4648599425
2028,59,"male",30869.6964654116
2028,60,"male",30066.2111065612
2028,61,"male",29313.4112616109
2028,62,"male",29184.6428670799
2028,63,"male",29382.7480894353
2028,64,"male",29907.7269286769
2028,65,"male",30052.0875231239
2028,66,"male",29636.0665561777
2028,67,"male",28794.1193611676
2028,68,"male",27387.5722824447
2028,69,"male",26733.8250486721
2028,70,"male",25390.9989823093
2028,71,"male",24370.7570871793
2028,72,"male",23409.9467587559
2028,73,"male",22330.2732969194
2028,74,"male",21389.2734907315
2028,75,"male",20139.1085077602
2028,76,"male",19287.2560516322
2028,77,"male",18435.4035955043
2028,78,"male",17791.5616228495
2028,79,"male",16711.8881610129
2028,80,"male",16116.3752237029
2028,81,"male",15373.4806398704
2028,82,"male",12134.4602543607
2028,83,"male",10727.9131756378
2028,84,"male",9628.42919156567
2028,85,"male",7637.36343167583
2028,86,"male",7785.94234844233
2028,87,"male",6785.51097554789
2028,88,"male",5497.82703023821
2028,89,"male",4259.66939051737
2028,90,"male",3447.29786235867
2028,91,"male",2674.68749517286
2028,92,"male",2060.56130587132
2028,93,"male",1575.20351110075
2028,94,"male",1198.80358862562
2028,95,"male",2763.83484523276
2029,0,"male",33336.350606912
2029,1,"male",33381.0313699021
2029,2,"male",33570.9246126099
2029,3,"male",33805.4986183078
2029,4,"male",34051.2428147533
2029,5,"male",33661.8453720757
2029,6,"male",34198.0145279566
2029,7,"male",36320.3507699854
2029,8,"male",37459.7102262324
2029,9,"male",37113.4343130593
2029,10,"male",38362.793954074
2029,11,"male",38385.134335569
2029,12,"male",39044.1755896727
2029,13,"male",39736.7274160189
2029,14,"male",40418.1090516176
2029,15,"male",36231.7932590407
2029,16,"male",37083.9587131844
2029,17,"male",37737.9461547366
2029,18,"male",38520.7493044732
2029,19,"male",39214.3723485437
2029,20,"male",39181.5861691857
2029,21,"male",39389.6730824068
2029,22,"male",37923.1557892293
2029,23,"male",35416.203929946
2029,24,"male",34772.1253890234
2029,25,"male",34677.8908435868
2029,26,"male",33934.7232963684
2029,27,"male",33528.4583705557
2029,28,"male",34658.0730423276
2029,29,"male",35490.4206952122
2029,30,"male",35052.7901730919
2029,31,"male",36231.9493480117
2029,32,"male",36885.9367895639
2029,33,"male",38828.0813129612
2029,34,"male",39818.971375919
2029,35,"male",40692.6897289609
2029,36,"male",42317.7494322117
2029,37,"male",43655.4510172047
2029,38,"male",44140.9871480541
2029,39,"male",43754.5400235005
2029,40,"male",42328.3099277606
2029,41,"male",41852.6826975408
2029,42,"male",40861.792634583
2029,43,"male",38969.1926143336
2029,44,"male",37918.8491475983
2029,45,"male",37390.8742041812
2029,46,"male",36429.7108431122
2029,47,"male",35022.6469537121
2029,48,"male",34041.6657913838
2029,49,"male",32981.413424019
2029,50,"male",31751.3967430556
2029,51,"male",30284.879449878
2029,52,"male",30403.786257433
2029,53,"male",29868.7056234358
2029,54,"male",29878.6145240653
2029,55,"male",30721.2250064369
2029,56,"male",31355.3946467299
2029,57,"male",32049.0176908004
2029,58,"male",32158.0155977257
2029,59,"male",30919.4030190285
2029,60,"male",30797.068248909
2029,61,"male",29974.629496654
2029,62,"male",29221.5530488061
2029,63,"male",29082.828439992
2029,64,"male",29261.1886513244
2029,65,"male",29753.5078514945
2029,66,"male",29872.4146590494
2029,67,"male",29426.5141307184
2029,68,"male",28544.621974686
2029,69,"male",27127.6491846563
2029,70,"male",26439.7736494408
2029,71,"male",25062.4364619295
2029,72,"male",24012.0929951942
2029,73,"male",23021.2029322364
2029,74,"male",21911.4060617236
2029,75,"male",20928.8672293914
2029,76,"male",19650.6190481758
2029,77,"male",18758.8179915138
2029,78,"male",17867.0169348517
2029,79,"male",17163.4849901517
2029,80,"male",16042.8920262985
2029,81,"male",15378.9956841168
2029,82,"male",14566.4658324914
2029,83,"male",11415.4354322855
2029,84,"male",10008.3715428854
2029,85,"male",8878.67663777829
2029,86,"male",6966.25881626971
2029,87,"male",6995.98551815844
2029,88,"male",6005.09545520062
2029,89,"male",4776.39177713293
2029,90,"male",3626.85547596472
2029,91,"male",2873.77902811678
2029,92,"male",2170.24708341673
2029,93,"male",1635.16644941951
2029,94,"male",1218.99262297723
2029,95,"male",2863.8701274872
2030,0,"male",33341.3692614801
2030,1,"male",33386.0500244701
2030,2,"male",33585.943267178
2030,3,"male",33840.5172728759
2030,4,"male",34116.2614693213
2030,5,"male",34333.9864566233
2030,6,"male",34050.1556125042
2030,7,"male",34762.491854533
2030,8,"male",36791.85131078
2030,9,"male",37775.5753976069
2030,10,"male",37603.9828823726
2030,11,"male",38726.3232638676
2030,12,"male",38815.3645179713
2030,13,"male",39497.9163443175
2030,14,"male",40229.2979799163
2030,15,"male",36356.1039904252
2030,16,"male",36818.2694445689
2030,17,"male",37792.2568861211
2030,18,"male",38485.0600358578
2030,19,"male",39208.6830799282
2030,20,"male",39746.4671472204
2030,21,"male",39534.5540604415
2030,22,"male",39668.036767264
2030,23,"male",38191.0849079807
2030,24,"male",35657.0063670581
2030,25,"male",35060.8337536666
2030,26,"male",34937.6662064482
2030,27,"male",34251.4012806355
2030,28,"male",33911.0159524074
2030,29,"male",35113.363605292
2030,30,"male",36069.6993569794
2030,31,"male",35568.8585318992
2030,32,"male",36732.8459734514
2030,33,"male",37394.9904968487
2030,34,"male",39345.8805598065
2030,35,"male",40318.1933188424
2030,36,"male",41203.2530220932
2030,37,"male",42800.9546070863
2030,38,"male",44126.4907379356
2030,39,"male",44580.0436133821
2030,40,"male",44121.7245085682
2030,41,"male",42676.0972783484
2030,42,"male",42155.2072153906
2030,43,"male",41132.6071951412
2030,44,"male",39162.2637284059
2030,45,"male",38030.0206713036
2030,46,"male",37478.8573102345
2030,47,"male",36481.7934208344
2030,48,"male",35030.8122585062
2030,49,"male",34020.5598911413
2030,50,"male",32913.4650387789
2030,51,"male",31676.9477456013
2030,52,"male",30185.8545531563
2030,53,"male",30300.773919159
2030,54,"male",29770.6828197886
2030,55,"male",29783.5165413914
2030,56,"male",30627.6861816844
2030,57,"male",31251.3092257549
2030,58,"male",31960.3071326803
2030,59,"male",32081.694553983
2030,60,"male",30843.4476099929
2030,61,"male",30711.0088577379
2030,62,"male",29897.93240989
2030,63,"male",29129.2078010759
2030,64,"male",28967.5680124083
2030,65,"male",29107.9156068059
2030,66,"male",29586.8224143608
2030,67,"male",29670.9218860298
2030,68,"male",29189.0297299974
2030,69,"male",28282.0569399677
2030,70,"male",26821.5566232993
2030,71,"male",26104.219435788
2030,72,"male",24703.8759690527
2030,73,"male",23622.9859060949
2030,74,"male",22593.1890355821
2030,75,"male",21449.667709037
2030,76,"male",20441.4195278214
2030,77,"male",19129.6184711594
2030,78,"male",18187.8174144973
2030,79,"male",17244.2854697973
2030,80,"male",16483.1329126401
2030,81,"male",15319.2365704583
2030,82,"male",14586.7067188329
2030,83,"male",13735.6763186271
2030,84,"male",10648.612429227
2030,85,"male",9238.86691726005
2030,86,"male",8116.44909575146
2030,87,"male",6256.17579764019
2030,88,"male",6195.28573468238
2030,89,"male",5226.58205661468
2030,90,"male",4076.98026625839
2030,91,"male",3023.90381841045
2030,92,"male",2340.37187371039
2030,93,"male",1725.29123971317
2030,94,"male",1269.11741327089
2030,95,"male",2943.99491778087
2031,0,"male",33350.3804542209
2031,1,"male",33385.061217211
2031,2,"male",33594.9544599188
2031,3,"male",33849.5284656167
2031,4,"male",34155.2726620622
2031,5,"male",34397.2711073518
2031,6,"male",34713.4402632328
2031,7,"male",34605.7765052616
2031,8,"male",35225.1359615086
2031,9,"male",37098.8600483355
2031,10,"male",38256.6962393518
2031,11,"male",37959.0366208468
2031,12,"male",39158.0778749505
2031,13,"male",39270.6297012967
2031,14,"male",39982.0113368954
2031,15,"male",36166.6904292559
2031,16,"male",36938.8558833996
2031,17,"male",37522.8433249518
2031,18,"male",38525.6464746885
2031,19,"male",39169.2695187589
2031,20,"male",39723.3957340412
2031,21,"male",40111.4826472623
2031,22,"male",39824.9653540848
2031,23,"male",39938.0134948015
2031,24,"male",38433.9349538789
2031,25,"male",35974.5994997145
2031,26,"male",35321.4319524961
2031,27,"male",35245.1670266834
2031,28,"male",34624.7816984553
2031,29,"male",34357.1293513399
2031,30,"male",35697.844867312
2031,31,"male",36567.0040422318
2031,32,"male",36060.9914837839
2031,33,"male",37233.1360071812
2031,34,"male",37894.0260701391
2031,35,"male",39819.4954727713
2031,36,"male",40814.5551760222
2031,37,"male",41672.2567610152
2031,38,"male",43257.7928918646
2031,39,"male",44561.345767311
2031,40,"male",44935.7732570527
2031,41,"male",44470.146026833
2031,42,"male",42979.2559638752
2031,43,"male",42416.6559436257
2031,44,"male",41326.3124768904
2031,45,"male",39265.508551577
2031,46,"male",38114.3451905079
2031,47,"male",37527.2813011078
2031,48,"male",36486.3001387796
2031,49,"male",34996.0477714147
2031,50,"male",33944.7060162129
2031,51,"male",32838.1887230353
2031,52,"male",31577.0955305902
2031,53,"male",30092.014896593
2031,54,"male",30201.9237972226
2031,55,"male",29674.8914623641
2031,56,"male",29689.0611026571
2031,57,"male",30542.6841467276
2031,58,"male",31171.682053653
2031,59,"male",31883.0694749557
2031,60,"male",32007.2752266432
2031,61,"male",30764.8364743882
2031,62,"male",30631.7600265403
2031,63,"male",29803.0354177262
2031,64,"male",29011.3956290586
2031,65,"male",28820.5602599927
2031,66,"male",28939.4670675477
2031,67,"male",29383.5665392167
2031,68,"male",29431.6743831842
2031,69,"male",28924.7015931545
2031,70,"male",27972.6264076144
2031,71,"male",26495.2892201031
2031,72,"male",25734.9457533678
2031,73,"male",24304.05569041
2031,74,"male",23194.2588198972
2031,75,"male",22130.1479968243
2031,76,"male",20951.8998156088
2031,77,"male",19900.0987589467
2031,78,"male",18548.2977022847
2031,79,"male",17564.7657575846
2031,80,"male",16573.277444445
2031,81,"male",15759.3811022633
2031,82,"male",14546.8512506379
2031,83,"male",13765.820850432
2031,84,"male",12828.7569610319
2031,85,"male",9848.9810849491
2031,86,"male",8446.56326344051
2031,87,"male",7306.28996532925
2031,88,"male",5555.39990237143
2031,89,"male",5396.69622430373
2031,90,"male",4467.05514043458
2031,91,"male",3403.97869258664
2031,92,"male",2470.44674788659
2031,93,"male",1865.36611388937
2031,94,"male",1339.19228744709
2031,95,"male",3044.06979195706
2032,0,"male",33374.5856775
2032,1,"male",33399.2664404901
2032,2,"male",33589.1596831979
2032,3,"male",33853.7336888958
2032,4,"male",34169.4778853413
2032,5,"male",34433.4706110251
2032,6,"male",34779.6397669061
2032,7,"male",35271.9760089349
2032,8,"male",35061.3354651819
2032,9,"male",35535.0595520088
2032,10,"male",37572.6291392754
2032,11,"male",38614.9695207704
2032,12,"male",38374.0107748741
2032,13,"male",39596.5626012203
2032,14,"male",39747.9442368191
2032,15,"male",35926.2974340436
2032,16,"male",36738.4628881873
2032,17,"male",37632.4503297394
2032,18,"male",38245.2534794761
2032,19,"male",39208.8765235466
2032,20,"male",39661.9624078909
2032,21,"male",40090.049321112
2032,22,"male",40403.5320279345
2032,23,"male",40106.5801686512
2032,24,"male",40192.5016277286
2032,25,"male",38761.0235145368
2032,26,"male",36227.8559673185
2032,27,"male",35621.5910415058
2032,28,"male",35621.2057132777
2032,29,"male",35073.5533661622
2032,30,"male",34950.9794388005
2032,31,"male",36190.1386137203
2032,32,"male",37044.1260552724
2032,33,"male",36536.2705786697
2032,34,"male",37717.1606416276
2032,35,"male",38359.4364779382
2032,36,"male",40304.496181189
2032,37,"male",41282.1977661821
2032,38,"male",42127.7338970314
2032,39,"male",43691.2867724778
2032,40,"male",44902.3293396789
2032,41,"male",45266.7021094591
2032,42,"male",44755.8120465013
2032,43,"male",43233.2120262519
2032,44,"male",42602.8685595166
2032,45,"male",41408.0695623713
2032,46,"male",39346.9062013022
2032,47,"male",38159.8423119021
2032,48,"male",37538.8611495739
2032,49,"male",36458.608782209
2032,50,"male",34915.2851390154
2032,51,"male",33868.7678458378
2032,52,"male",32737.6746533927
2032,53,"male",31472.5940193955
2032,54,"male",29992.5029200251
2032,55,"male",30115.5330921514
2032,56,"male",29589.7027324444
2032,57,"male",29603.3257765149
2032,58,"male",30462.3236834402
2032,59,"male",31103.711104743
2032,60,"male",31819.0614477467
2032,61,"male",31926.6226954917
2032,62,"male",30683.5462476438
2032,63,"male",30534.8216388297
2032,64,"male",29683.1818501621
2032,65,"male",28871.7944314799
2032,66,"male",28670.7012390349
2032,67,"male",28754.8007107038
2032,68,"male",29162.9085546714
2032,69,"male",29175.9357646417
2032,70,"male",28613.1256402948
2032,71,"male",27635.7884527835
2032,72,"male",26135.4449860482
2032,73,"male",25334.5549230903
2032,74,"male",23874.7580525776
2032,75,"male",22730.3721311251
2032,76,"male",21632.1239499095
2032,77,"male",20410.3228932475
2032,78,"male",19308.5218365855
2032,79,"male",17924.9898918854
2032,80,"male",16893.3448926206
2032,81,"male",15849.4485504389
2032,82,"male",14966.9186988135
2032,83,"male",13735.8882986076
2032,84,"male",12868.8244092075
2032,85,"male",11879.034363204
2032,86,"male",9016.6165416954
2032,87,"male",7616.34324358414
2032,88,"male",6485.45318062632
2032,89,"male",4846.74950255862
2032,90,"male",4617.09008171681
2032,91,"male",3734.01363386887
2032,92,"male",2780.48168916882
2032,93,"male",1965.4010551716
2032,94,"male",1449.22722872931
2032,95,"male",3174.10473323929
2033,0,"male",33434.5856775
2033,1,"male",33429.2664404901
2033,2,"male",33599.1596831979
2033,3,"male",33843.7336888958
2033,4,"male",34159.4778853413
2033,5,"male",34443.4706110251
2033,6,"male",34809.6397669061
2033,7,"male",35331.9760089349
2033,8,"male",35721.3354651819
2033,9,"male",35365.0595520088
2033,10,"male",36002.6291392754
2033,11,"male",37924.9695207704
2033,12,"male",39024.0107748741
2033,13,"male",38816.5626012203
2033,14,"male",40077.9442368191
2033,15,"male",35686.2974340436
2033,16,"male",36488.4628881873
2033,17,"male",37432.4503297394
2033,18,"male",38355.2534794761
2033,19,"male",38918.8765235466
2033,20,"male",39691.9624078909
2033,21,"male",40030.049321112
2033,22,"male",40383.5320279345
2033,23,"male",40686.5801686512
2033,24,"male",40362.5016277286
2033,25,"male",40521.0235145368
2033,26,"male",39007.8559673185
2033,27,"male",36531.5910415058
2033,28,"male",36001.2057132777
2033,29,"male",36063.5533661622
2033,30,"male",35660.9794388005
2033,31,"male",35430.1386137203
2033,32,"male",36664.1260552724
2033,33,"male",37516.2705786697
2033,34,"male",37017.1606416276
2033,35,"male",38169.4364779382
2033,36,"male",38844.496181189
2033,37,"male",40772.1977661821
2033,38,"male",41737.7338970314
2033,39,"male",42551.2867724778
2033,40,"male",44022.3293396789
2033,41,"male",45236.7021094591
2033,42,"male",45555.8120465013
2033,43,"male",45013.2120262519
2033,44,"male",43412.8685595166
2033,45,"male",42678.0695623713
2033,46,"male",41486.9062013022
2033,47,"male",39389.8423119021
2033,48,"male",38168.8611495739
2033,49,"male",37498.608782209
2033,50,"male",36375.2851390154
2033,51,"male",34838.7678458378
2033,52,"male",33757.6746533928
2033,53,"male",32642.5940193955
2033,54,"male",31382.5029200251
2033,55,"male",29905.5330921514
2033,56,"male",30029.7027324444
2033,57,"male",29513.3257765149
2033,58,"male",29532.3236834402
2033,59,"male",30393.711104743
2033,60,"male",31039.0614477467
2033,61,"male",31736.6226954917
2033,62,"male",31843.5462476438
2033,63,"male",30594.8216388297
2033,64,"male",30423.1818501621
2033,65,"male",29541.7944314799
2033,66,"male",28720.7012390349
2033,67,"male",28484.8007107038
2033,68,"male",28542.9085546714
2033,69,"male",28905.9357646417
2033,70,"male",28863.1256402948
2033,71,"male",28275.7884527835
2033,72,"male",27265.4449860482
2033,73,"male",25734.5549230903
2033,74,"male",24894.7580525776
2033,75,"male",23400.3721311251
2033,76,"male",22222.1239499095
2033,77,"male",21080.3228932475
2033,78,"male",19828.5218365855
2033,79,"male",18674.9898918854
2033,80,"male",17253.3448926206
2033,81,"male",16169.4485504389
2033,82,"male",15076.9186988135
2033,83,"male",14145.8882986076
2033,84,"male",12858.8244092075
2033,85,"male",11929.034363204
2033,86,"male",10876.6165416954
2033,87,"male",8136.34324358414
2033,88,"male",6765.45318062632
2033,89,"male",5666.74950255862
2033,90,"male",4147.09008171681
2033,91,"male",3874.01363386887
2033,92,"male",3060.48168916882
2033,93,"male",2225.4010551716
2033,94,"male",1529.22722872931
2033,95,"male",3344.10473323929
2034,0,"male",33524.5856775
2034,1,"male",33479.2664404901
2034,2,"male",33629.1596831979
2034,3,"male",33853.7336888958
2034,4,"male",34159.4778853413
2034,5,"male",34443.4706110251
2034,6,"male",34819.6397669061
2034,7,"male",35361.9760089349
2034,8,"male",35791.3354651819
2034,9,"male",36025.0595520088
2034,10,"male",35842.6291392754
2034,11,"male",36354.9695207704
2034,12,"male",38344.0107748741
2034,13,"male",39466.5626012203
2034,14,"male",39297.9442368191
2034,15,"male",36016.2974340436
2034,16,"male",36258.4628881873
2034,17,"male",37182.4503297394
2034,18,"male",38155.2534794761
2034,19,"male",39028.8765235466
2034,20,"male",39411.9624078909
2034,21,"male",40070.049321112
2034,22,"male",40333.5320279345
2034,23,"male",40676.5801686512
2034,24,"male",40952.5016277286
2034,25,"male",40691.0235145368
2034,26,"male",40777.8559673185
2034,27,"male",39321.5910415058
2034,28,"male",36911.2057132777
2034,29,"male",36443.5533661622
2034,30,"male",36650.9794388005
2034,31,"male",36140.1386137203
2034,32,"male",35904.1260552724
2034,33,"male",37136.2705786697
2034,34,"male",37997.1606416276
2034,35,"male",37479.4364779382
2034,36,"male",38664.496181189
2034,37,"male",39312.1977661821
2034,38,"male",41227.7338970314
2034,39,"male",42161.2867724778
2034,40,"male",42892.3293396789
2034,41,"male",44366.7021094591
2034,42,"male",45525.8120465013
2034,43,"male",45813.2120262519
2034,44,"male",45192.8685595166
2034,45,"male",43498.0695623713
2034,46,"male",42756.9062013022
2034,47,"male",41529.8423119021
2034,48,"male",39398.8611495739
2034,49,"male",38128.608782209
2034,50,"male",37415.2851390154
2034,51,"male",36298.7678458378
2034,52,"male",34737.6746533928
2034,53,"male",33662.5940193955
2034,54,"male",32542.5029200251
2034,55,"male",31285.5330921514
2034,56,"male",29819.7027324444
2034,57,"male",29943.3257765149
2034,58,"male",29442.3236834402
2034,59,"male",29483.711104743
2034,60,"male",30339.0614477467
2034,61,"male",30976.6226954917
2034,62,"male",31663.5462476438
2034,63,"male",31744.8216388297
2034,64,"male",30473.1818501621
2034,65,"male",30271.7944314799
2034,66,"male",29390.7012390349
2034,67,"male",28544.8007107038
2034,68,"male",28282.9085546714
2034,69,"male",28305.9357646417
2034,70,"male",28613.1256402948
2034,71,"male",28535.7884527835
2034,72,"male",27905.4449860482
2034,73,"male",26864.5549230903
2034,74,"male",25294.7580525776
2034,75,"male",24420.3721311251
2034,76,"male",22902.1239499095
2034,77,"male",21670.3228932475
2034,78,"male",20478.5218365855
2034,79,"male",19184.9898918854
2034,80,"male",17983.3448926206
2034,81,"male",16529.4485504389
2034,82,"male",15386.9186988135
2034,83,"male",14255.8882986076
2034,84,"male",13258.8244092075
2034,85,"male",11919.034363204
2034,86,"male",10936.6165416954
2034,87,"male",9826.34324358414
2034,88,"male",7235.45318062632
2034,89,"male",5926.74950255862
2034,90,"male",4857.09008171681
2034,91,"male",3484.01363386887
2034,92,"male",3170.48168916882
2034,93,"male",2445.4010551716
2034,94,"male",1729.22722872931
2034,95,"male",3544.10473323929
2035,0,"male",33644.5856775
2035,1,"male",33569.2664404901
2035,2,"male",33679.1596831979
2035,3,"male",33883.7336888958
2035,4,"male",34169.4778853413
2035,5,"male",34443.4706110251
2035,6,"male",34819.6397669061
2035,7,"male",35371.9760089349
2035,8,"male",35821.3354651819
2035,9,"male",36095.0595520088
2035,10,"male",36502.6291392754
2035,11,"male",36194.9695207704
2035,12,"male",36774.0107748741
2035,13,"male",38786.5626012203
2035,14,"male",39947.9442368191
2035,15,"male",35236.2974340436
2035,16,"male",36588.4628881873
2035,17,"male",36952.4503297394
2035,18,"male",37905.2534794761
2035,19,"male",38838.8765235466
2035,20,"male",39521.9624078909
2035,21,"male",39790.049321112
2035,22,"male",40373.5320279345
2035,23,"male",40626.5801686512
2035,24,"male",40942.5016277286
2035,25,"male",41291.0235145368
2035,26,"male",40957.8559673185
2035,27,"male",41081.5910415058
2035,28,"male",39691.2057132777
2035,29,"male",37353.5533661622
2035,30,"male",37040.9794388005
2035,31,"male",37140.1386137203
2035,32,"male",36614.1260552724
2035,33,"male",36386.2705786697
2035,34,"male",37617.1606416276
2035,35,"male",38459.4364779382
2035,36,"male",37974.496181189
2035,37,"male",39132.1977661821
2035,38,"male",39767.7338970314
2035,39,"male",41651.2867724778
2035,40,"male",42502.3293396789
2035,41,"male",43236.7021094591
2035,42,"male",44655.8120465013
2035,43,"male",45783.2120262519
2035,44,"male",45992.8685595166
2035,45,"male",45268.0695623713
2035,46,"male",43576.9062013022
2035,47,"male",42809.8423119021
2035,48,"male",41528.8611495739
2035,49,"male",39358.608782209
2035,50,"male",38055.2851390154
2035,51,"male",37338.7678458378
2035,52,"male",36197.6746533928
2035,53,"male",34642.5940193955
2035,54,"male",33562.5029200251
2035,55,"male",32455.5330921514
2035,56,"male",31199.7027324444
2035,57,"male",29743.3257765149
2035,58,"male",29872.3236834402
2035,59,"male",29393.711104743
2035,60,"male",29429.0614477467
2035,61,"male",30286.6226954917
2035,62,"male",30903.5462476438
2035,63,"male",31574.8216388297
2035,64,"male",31633.1818501621
2035,65,"male",30341.7944314799
2035,66,"male",30120.7012390349
2035,67,"male",29214.8007107038
2035,68,"male",28342.9085546714
2035,69,"male",28055.9357646417
2035,70,"male",28023.1256402948
2035,71,"male",28285.7884527835
2035,72,"male",28165.4449860482
2035,73,"male",27494.5549230903
2035,74,"male",26414.7580525776
2035,75,"male",24820.3721311251
2035,76,"male",23892.1239499095
2035,77,"male",22340.3228932475
2035,78,"male",21068.5218365855
2035,79,"male",19834.9898918854
2035,80,"male",18483.3448926206
2035,81,"male",17239.4485504389
2035,82,"male",15746.9186988135
2035,83,"male",14565.8882986076
2035,84,"male",13368.8244092075
2035,85,"male",12299.034363204
2035,86,"male",10946.6165416954
2035,87,"male",9886.34324358414
2035,88,"male",8755.45318062632
2035,89,"male",6336.74950255862
2035,90,"male",5087.09008171681
2035,91,"male",4084.01363386887
2035,92,"male",2860.48168916882
2035,93,"male",2535.4010551716
2035,94,"male",1909.22722872931
2035,95,"male",3834.10473323929
2036,0,"male",33814.5856775
2036,1,"male",33699.2664404901
2036,2,"male",33769.1596831979
2036,3,"male",33943.7336888958
2036,4,"male",34199.4778853413
2036,5,"male",34453.4706110251
2036,6,"male",34819.6397669061
2036,7,"male",35381.9760089349
2036,8,"male",35841.3354651819
2036,9,"male",36135.0595520088
2036,10,"male",36572.6291392754
2036,11,"male",36864.9695207704
2036,12,"male",36624.0107748741
2036,13,"male",37226.5626012203
2036,14,"male",39267.9442368191
2036,15,"male",35896.2974340436
2036,16,"male",35808.4628881873
2036,17,"male",37282.4503297394
2036,18,"male",37675.2534794761
2036,19,"male",38598.8765235466
2036,20,"male",39331.9624078909
2036,21,"male",39910.049321112
2036,22,"male",40103.5320279345
2036,23,"male",40666.5801686512
2036,24,"male",40892.5016277286
2036,25,"male",41281.0235145368
2036,26,"male",41547.8559673185
2036,27,"male",41261.5910415058
2036,28,"male",41461.2057132777
2036,29,"male",40143.5533661622
2036,30,"male",37950.9794388005
2036,31,"male",37520.1386137203
2036,32,"male",37614.1260552724
2036,33,"male",37096.2705786697
2036,34,"male",36867.1606416276
2036,35,"male",38079.4364779382
2036,36,"male",38954.496181189
2036,37,"male",38442.1977661821
2036,38,"male",39597.7338970314
2036,39,"male",40211.2867724778
2036,40,"male",42002.3293396789
2036,41,"male",42846.7021094591
2036,42,"male",43535.8120465013
2036,43,"male",44913.2120262519
2036,44,"male",45972.8685595166
2036,45,"male",46078.0695623713
2036,46,"male",45356.9062013022
2036,47,"male",43619.8423119021
2036,48,"male",42808.8611495739
2036,49,"male",41498.608782209
2036,50,"male",39285.2851390154
2036,51,"male",37978.7678458378
2036,52,"male",37237.6746533928
2036,53,"male",36092.5940193955
2036,54,"male",34542.5029200251
2036,55,"male",33475.5330921514
2036,56,"male",32369.7027324444
2036,57,"male",31123.3257765149
2036,58,"male",29682.3236834402
2036,59,"male",29833.711104743
2036,60,"male",29349.0614477467
2036,61,"male",29386.6226954917
2036,62,"male",30223.5462476438
2036,63,"male",30824.8216388297
2036,64,"male",31463.1818501621
2036,65,"male",31491.7944314799
2036,66,"male",30190.7012390349
2036,67,"male",29944.8007107038
2036,68,"male",29012.9085546714
2036,69,"male",28125.9357646417
2036,70,"male",27773.1256402948
2036,71,"male",27715.7884527835
2036,72,"male",27935.4449860482
2036,73,"male",27764.5549230903
2036,74,"male",27054.7580525776
2036,75,"male",25920.3721311251
2036,76,"male",24302.1239499095
2036,77,"male",23320.3228932475
2036,78,"male",21728.5218365855
2036,79,"male",20414.9898918854
2036,80,"male",19123.3448926206
2036,81,"male",17729.4485504389
2036,82,"male",16436.9186988135
2036,83,"male",14915.8882986076
2036,84,"male",13668.8244092075
2036,85,"male",12419.034363204
2036,86,"male",11306.6165416954
2036,87,"male",9906.34324358414
2036,88,"male",8825.45318062632
2036,89,"male",7676.74950255862
2036,90,"male",5447.09008171681
2036,91,"male",4274.01363386887
2036,92,"male",3350.48168916882
2036,93,"male",2295.4010551716
2036,94,"male",1979.22722872931
2036,95,"male",4184.10473323929
2037,0,"male",34004.5856775
2037,1,"male",33859.2664404901
2037,2,"male",33909.1596831979
2037,3,"male",34043.7336888958
2037,4,"male",34259.4778853413
2037,5,"male",34493.4706110251
2037,6,"male",34839.6397669061
2037,7,"male",35381.9760089349
2037,8,"male",35841.3354651819
2037,9,"male",36145.0595520088
2037,10,"male",36612.6291392754
2037,11,"male",36934.9695207704
2037,12,"male",37284.0107748741
2037,13,"male",37066.5626012203
2037,14,"male",37707.9442368191
2037,15,"male",35216.2974340436
2037,16,"male",36468.4628881873
2037,17,"male",36512.4503297394
2037,18,"male",38015.2534794761
2037,19,"male",38368.8765235466
2037,20,"male",39091.9624078909
2037,21,"male",39720.049321112
2037,22,"male",40223.5320279345
2037,23,"male",40406.5801686512
2037,24,"male",40942.5016277286
2037,25,"male",41241.0235145368
2037,26,"male",41547.8559673185
2037,27,"male",41861.5910415058
2037,28,"male",41651.2057132777
2037,29,"male",41913.5533661622
2037,30,"male",40740.9794388005
2037,31,"male",38440.1386137203
2037,32,"male",38004.1260552724
2037,33,"male",38096.2705786697
2037,34,"male",37587.1606416276
2037,35,"male",37339.4364779382
2037,36,"male",38584.496181189
2037,37,"male",39432.1977661821
2037,38,"male",38907.7338970314
2037,39,"male",40031.2867724778
2037,40,"male",40552.3293396789
2037,41,"male",42346.7021094591
2037,42,"male",43145.8120465013
2037,43,"male",43793.2120262519
2037,44,"male",45102.8685595166
2037,45,"male",46058.0695623713
2037,46,"male",46156.9062013022
2037,47,"male",45399.8423119021
2037,48,"male",43628.8611495739
2037,49,"male",42778.608782209
2037,50,"male",41415.2851390154
2037,51,"male",39208.7678458378
2037,52,"male",37867.6746533928
2037,53,"male",37132.5940193955
2037,54,"male",35992.5029200251
2037,55,"male",34455.5330921514
2037,56,"male",33389.7027324444
2037,57,"male",32283.3257765149
2037,58,"male",31062.3236834402
2037,59,"male",29643.711104743
2037,60,"male",29789.0614477467
2037,61,"male",29306.6226954917
2037,62,"male",29333.5462476438
2037,63,"male",30144.8216388297
2037,64,"male",30723.1818501621
2037,65,"male",31331.7944314799
2037,66,"male",31340.7012390349
2037,67,"male",30024.8007107038
2037,68,"male",29742.9085546714
2037,69,"male",28795.9357646417
2037,70,"male",27853.1256402948
2037,71,"male",27475.7884527835
2037,72,"male",27375.4449860482
2037,73,"male",27544.5549230903
2037,74,"male",27324.7580525776
2037,75,"male",26560.3721311251
2037,76,"male",25392.1239499095
2037,77,"male",23730.3228932475
2037,78,"male",22698.5218365855
2037,79,"male",21064.9898918854
2037,80,"male",19703.3448926206
2037,81,"male",18359.4485504389
2037,82,"male",16916.9186988135
2037,83,"male",15585.8882986076
2037,84,"male",14008.8244092075
2037,85,"male",12719.034363204
2037,86,"male",11426.6165416954
2037,87,"male",10246.3432435841
2037,88,"male",8845.45318062632
2037,89,"male",7746.74950255862
2037,90,"male",6607.09008171681
2037,91,"male",4594.01363386887
2037,92,"male",3520.48168916882
2037,93,"male",2695.4010551716
2037,94,"male",1789.22722872931
2037,95,"male",4494.10473323929
2038,0,"male",34224.5856775
2038,1,"male",34059.2664404901
2038,2,"male",34069.1596831979
2038,3,"male",34173.7336888958
2038,4,"male",34359.4778853413
2038,5,"male",34553.4706110251
2038,6,"male",34869.6397669061
2038,7,"male",35401.9760089349
2038,8,"male",35851.3354651819
2038,9,"male",36155.0595520088
2038,10,"male",36632.6291392754
2038,11,"male",36974.9695207704
2038,12,"male",37354.0107748741
2038,13,"male",37736.5626012203
2038,14,"male",37557.9442368191
2038,15,"male",33656.2974340436
2038,16,"male",35788.4628881873
2038,17,"male",37172.4503297394
2038,18,"male",37245.2534794761
2038,19,"male",38708.8765235466
2038,20,"male",38871.9624078909
2038,21,"male",39490.049321112
2038,22,"male",40043.5320279345
2038,23,"male",40536.5801686512
2038,24,"male",40682.5016277286
2038,25,"male",41301.0235145368
2038,26,"male",41517.8559673185
2038,27,"male",41871.5910415058
2038,28,"male",42251.2057132777
2038,29,"male",42103.5533661622
2038,30,"male",42520.9794388005
2038,31,"male",41240.1386137203
2038,32,"male",38924.1260552724
2038,33,"male",38486.2705786697
2038,34,"male",38597.1606416276
2038,35,"male",38059.4364779382
2038,36,"male",37844.496181189
2038,37,"male",39062.1977661821
2038,38,"male",39897.7338970314
2038,39,"male",39351.2867724778
2038,40,"male",40382.3293396789
2038,41,"male",40906.7021094591
2038,42,"male",42655.8120465013
2038,43,"male",43413.2120262519
2038,44,"male",43992.8685595166
2038,45,"male",45188.0695623713
2038,46,"male",46136.9062013022
2038,47,"male",46209.8423119021
2038,48,"male",45398.8611495739
2038,49,"male",43588.608782209
2038,50,"male",42695.2851390154
2038,51,"male",41338.7678458378
2038,52,"male",39097.6746533928
2038,53,"male",37772.5940193955
2038,54,"male",37042.5029200251
2038,55,"male",35905.5330921514
2038,56,"male",34369.7027324444
2038,57,"male",33303.3257765149
2038,58,"male",32222.3236834402
2038,59,"male",31013.711104743
2038,60,"male",29599.0614477467
2038,61,"male",29746.6226954917
2038,62,"male",29253.5462476438
2038,63,"male",29264.8216388297
2038,64,"male",30063.1818501621
2038,65,"male",30601.7944314799
2038,66,"male",31190.7012390349
2038,67,"male",31164.8007107038
2038,68,"male",29822.9085546714
2038,69,"male",29525.9357646417
2038,70,"male",28523.1256402948
2038,71,"male",27565.7884527835
2038,72,"male",27155.4449860482
2038,73,"male",26994.5549230903
2038,74,"male",27114.7580525776
2038,75,"male",26840.3721311251
2038,76,"male",26022.1239499095
2038,77,"male",24810.3228932475
2038,78,"male",23108.5218365855
2038,79,"male",22014.9898918854
2038,80,"male",20343.3448926206
2038,81,"male",18919.4485504389
2038,82,"male",17526.9186988135
2038,83,"male",16055.8882986076
2038,84,"male",14648.8244092075
2038,85,"male",13039.034363204
2038,86,"male",11706.6165416954
2038,87,"male",10366.3432435841
2038,88,"male",9165.45318062632
2038,89,"male",7776.74950255862
2038,90,"male",6677.09008171681
2038,91,"male",5574.01363386887
2038,92,"male",3780.48168916882
2038,93,"male",2825.4010551716
2038,94,"male",2109.22722872931
2038,95,"male",4574.10473323929
2039,0,"male",34454.5856775
2039,1,"male",34279.2664404901
2039,2,"male",34269.1596831979
2039,3,"male",34343.7336888958
2039,4,"male",34489.4778853413
2039,5,"male",34653.4706110251
2039,6,"male",34939.6397669061
2039,7,"male",35441.9760089349
2039,8,"male",35871.3354651819
2039,9,"male",36165.0595520088
2039,10,"male",36642.6291392754
2039,11,"male",36994.9695207704
2039,12,"male",37404.0107748741
2039,13,"male",37806.5626012203
2039,14,"male",38227.9442368191
2039,15,"male",33506.2974340436
2039,16,"male",34228.4628881873
2039,17,"male",36502.4503297394
2039,18,"male",37915.2534794761
2039,19,"male",37948.8765235466
2039,20,"male",39221.9624078909
2039,21,"male",39280.049321112
2039,22,"male",39813.5320279345
2039,23,"male",40346.5801686512
2039,24,"male",40812.5016277286
2039,25,"male",41041.0235145368
2039,26,"male",41567.8559673185
2039,27,"male",41831.5910415058
2039,28,"male",42261.2057132777
2039,29,"male",42713.5533661622
2039,30,"male",42710.9794388005
2039,31,"male",43010.1386137203
2039,32,"male",41724.1260552724
2039,33,"male",39416.2705786697
2039,34,"male",38987.1606416276
2039,35,"male",39069.4364779382
2039,36,"male",38564.496181189
2039,37,"male",38322.1977661821
2039,38,"male",39527.7338970314
2039,39,"male",40341.2867724778
2039,40,"male",39702.3293396789
2039,41,"male",40736.7021094591
2039,42,"male",41215.8120465013
2039,43,"male",42923.2120262519
2039,44,"male",43612.8685595166
2039,45,"male",44078.0695623713
2039,46,"male",45276.9062013022
2039,47,"male",46189.8423119021
2039,48,"male",46208.8611495739
2039,49,"male",45368.608782209
2039,50,"male",43515.2851390154
2039,51,"male",42608.7678458378
2039,52,"male",41227.6746533928
2039,53,"male",39002.5940193955
2039,54,"male",37672.5029200251
2039,55,"male",36945.5330921514
2039,56,"male",35809.7027324444
2039,57,"male",34283.3257765149
2039,58,"male",33242.3236834402
2039,59,"male",32173.711104743
2039,60,"male",30979.0614477467
2039,61,"male",29566.6226954917
2039,62,"male",29693.5462476438
2039,63,"male",29194.8216388297
2039,64,"male",29183.1818501621
2039,65,"male",29941.7944314799
2039,66,"male",30460.7012390349
2039,67,"male",31014.8007107038
2039,68,"male",30972.9085546714
2039,69,"male",29605.9357646417
2039,70,"male",29253.1256402948
2039,71,"male",28235.7884527835
2039,72,"male",27245.4449860482
2039,73,"male",26784.5549230903
2039,74,"male",26584.7580525776
2039,75,"male",26640.3721311251
2039,76,"male",26312.1239499095
2039,77,"male",25440.3228932475
2039,78,"male",24168.5218365855
2039,79,"male",22424.9898918854
2039,80,"male",21273.3448926206
2039,81,"male",19549.4485504389
2039,82,"male",18076.9186988135
2039,83,"male",16645.8882986076
2039,84,"male",15108.8244092075
2039,85,"male",13649.034363204
2039,86,"male",12016.6165416954
2039,87,"male",10636.3432435841
2039,88,"male",9275.45318062632
2039,89,"male",8056.74950255862
2039,90,"male",6707.09008171681
2039,91,"male",5634.01363386887
2039,92,"male",4590.48168916882
2039,93,"male",3045.4010551716
2039,94,"male",2219.22722872931
2039,95,"male",4874.10473323929
2040,0,"male",34694.5856775
2040,1,"male",34519.2664404901
2040,2,"male",34489.1596831979
2040,3,"male",34543.7336888958
2040,4,"male",34669.4778853413
2040,5,"male",34783.4706110251
2040,6,"male",35039.6397669061
2040,7,"male",35501.9760089349
2040,8,"male",35911.3354651819
2040,9,"male",36185.0595520088
2040,10,"male",36652.6291392754
2040,11,"male",37004.9695207704
2040,12,"male",37424.0107748741
2040,13,"male",37856.5626012203
2040,14,"male",38297.9442368191
2040,15,"male",34176.2974340436
2040,16,"male",34088.4628881873
2040,17,"male",34942.4503297394
2040,18,"male",37245.2534794761
2040,19,"male",38618.8765235466
2040,20,"male",38461.9624078909
2040,21,"male",39620.049321112
2040,22,"male",39603.5320279345
2040,23,"male",40126.5801686512
2040,24,"male",40642.5016277286
2040,25,"male",41171.0235145368
2040,26,"male",41317.8559673185
2040,27,"male",41891.5910415058
2040,28,"male",42231.2057132777
2040,29,"male",42723.5533661622
2040,30,"male",43320.9794388005
2040,31,"male",43200.1386137203
2040,32,"male",43494.1260552724
2040,33,"male",42206.2705786697
2040,34,"male",39907.1606416276
2040,35,"male",39459.4364779382
2040,36,"male",39574.496181189
2040,37,"male",39052.1977661821
2040,38,"male",38797.7338970314
2040,39,"male",39981.2867724778
2040,40,"male",40702.3293396789
2040,41,"male",40066.7021094591
2040,42,"male",41055.8120465013
2040,43,"male",41493.2120262519
2040,44,"male",43122.8685595166
2040,45,"male",43708.0695623713
2040,46,"male",44176.9062013022
2040,47,"male",45339.8423119021
2040,48,"male",46198.8611495739
2040,49,"male",46178.608782209
2040,50,"male",45285.2851390154
2040,51,"male",43428.7678458378
2040,52,"male",42507.6746533928
2040,53,"male",41132.5940193955
2040,54,"male",38902.5029200251
2040,55,"male",37585.5330921514
2040,56,"male",36849.7027324444
2040,57,"male",35733.3257765149
2040,58,"male",34212.3236834402
2040,59,"male",33193.711104743
2040,60,"male",32129.0614477467
2040,61,"male",30926.6226954917
2040,62,"male",29523.5462476438
2040,63,"male",29634.8216388297
2040,64,"male",29123.1818501621
2040,65,"male",29081.7944314799
2040,66,"male",29820.7012390349
2040,67,"male",30314.8007107038
2040,68,"male",30822.9085546714
2040,69,"male",30745.9357646417
2040,70,"male",29343.1256402948
2040,71,"male",28965.7884527835
2040,72,"male",27905.4449860482
2040,73,"male",26884.5549230903
2040,74,"male",26394.7580525776
2040,75,"male",26130.3721311251
2040,76,"male",26132.1239499095
2040,77,"male",25730.3228932475
2040,78,"male",24798.5218365855
2040,79,"male",23464.9898918854
2040,80,"male",21683.3448926206
2040,81,"male",20459.4485504389
2040,82,"male",18686.9186988135
2040,83,"male",17175.8882986076
2040,84,"male",15668.8244092075
2040,85,"male",14079.034363204
2040,86,"male",12596.6165416954
2040,87,"male",10926.3432435841
2040,88,"male",9525.45318062632
2040,89,"male",8176.74950255862
2040,90,"male",6967.09008171681
2040,91,"male",5674.01363386887
2040,92,"male",4650.48168916882
2040,93,"male",3705.4010551716
2040,94,"male",2389.22722872931
2040,95,"male",5174.10473323929
2041,0,"male",34924.5856775
2041,1,"male",34749.2664404901
2041,2,"male",34729.1596831979
2041,3,"male",34763.7336888958
2041,4,"male",34869.4778853413
2041,5,"male",34963.4706110251
2041,6,"male",35179.6397669061
2041,7,"male",35601.9760089349
2041,8,"male",35981.3354651819
2041,9,"male",36225.0595520088
2041,10,"male",36672.6291392754
2041,11,"male",37014.9695207704
2041,12,"male",37434.0107748741
2041,13,"male",37876.5626012203
2041,14,"male",38347.9442368191
2041,15,"male",34256.2974340436
2041,16,"male",34758.4628881873
2041,17,"male",34802.4503297394
2041,18,"male",35695.2534794761
2041,19,"male",37948.8765235466
2041,20,"male",39131.9624078909
2041,21,"male",38870.049321112
2041,22,"male",39953.5320279345
2041,23,"male",39916.5801686512
2041,24,"male",40422.5016277286
2041,25,"male",41001.0235145368
2041,26,"male",41457.8559673185
2041,27,"male",41651.5910415058
2041,28,"male",42291.2057132777
2041,29,"male",42693.5533661622
2041,30,"male",43330.9794388005
2041,31,"male",43820.1386137203
2041,32,"male",43694.1260552724
2041,33,"male",43986.2705786697
2041,34,"male",42707.1606416276
2041,35,"male",40389.4364779382
2041,36,"male",39974.496181189
2041,37,"male",40062.1977661821
2041,38,"male",39527.7338970314
2041,39,"male",39251.2867724778
2041,40,"male",40342.3293396789
2041,41,"male",41056.7021094591
2041,42,"male",40385.8120465013
2041,43,"male",41323.2120262519
2041,44,"male",41692.8685595166
2041,45,"male",43218.0695623713
2041,46,"male",43796.9062013022
2041,47,"male",44229.8423119021
2041,48,"male",45348.8611495739
2041,49,"male",46168.608782209
2041,50,"male",46095.2851390154
2041,51,"male",45208.7678458378
2041,52,"male",43327.6746533928
2041,53,"male",42402.5940193955
2041,54,"male",41032.5029200251
2041,55,"male",38805.5330921514
2041,56,"male",37489.7027324444
2041,57,"male",36773.3257765149
2041,58,"male",35662.3236834402
2041,59,"male",34173.711104743
2041,60,"male",33149.0614477467
2041,61,"male",32086.6226954917
2041,62,"male",30883.5462476438
2041,63,"male",29464.8216388297
2041,64,"male",29563.1818501621
2041,65,"male",29011.7944314799
2041,66,"male",28960.7012390349
2041,67,"male",29674.8007107038
2041,68,"male",30132.9085546714
2041,69,"male",30615.9357646417
2041,70,"male",30473.1256402948
2041,71,"male",29055.7884527835
2041,72,"male",28635.4449860482
2041,73,"male",27554.5549230903
2041,74,"male",26494.7580525776
2041,75,"male",25950.3721311251
2041,76,"male",25642.1239499095
2041,77,"male",25560.3228932475
2041,78,"male",25088.5218365855
2041,79,"male",24084.9898918854
2041,80,"male",22703.3448926206
2041,81,"male",20859.4485504389
2041,82,"male",19576.9186988135
2041,83,"male",17775.8882986076
2041,84,"male",16188.8244092075
2041,85,"male",14629.034363204
2041,86,"male",13006.6165416954
2041,87,"male",11456.3432435841
2041,88,"male",9805.45318062632
2041,89,"male",8396.74950255862
2041,90,"male",7067.09008171681
2041,91,"male",5894.01363386887
2041,92,"male",4690.48168916882
2041,93,"male",3755.4010551716
2041,94,"male",2909.22722872931
2041,95,"male",5534.10473323929
2042,0,"male",35124.5856775
2042,1,"male",34979.2664404901
2042,2,"male",34969.1596831979
2042,3,"male",35003.7336888958
2042,4,"male",35089.4778853413
2042,5,"male",35163.4706110251
2042,6,"male",35349.6397669061
2042,7,"male",35751.9760089349
2042,8,"male",36081.3354651819
2042,9,"male",36305.0595520088
2042,10,"male",36722.6291392754
2042,11,"male",37044.9695207704
2042,12,"male",37454.0107748741
2042,13,"male",37896.5626012203
2042,14,"male",38377.9442368191
2042,15,"male",34306.2974340436
2042,16,"male",34838.4628881873
2042,17,"male",35472.4503297394
2042,18,"male",35555.2534794761
2042,19,"male",36398.8765235466
2042,20,"male",38471.9624078909
2042,21,"male",39540.049321112
2042,22,"male",39203.5320279345
2042,23,"male",40276.5801686512
2042,24,"male",40212.5016277286
2042,25,"male",40791.0235145368
2042,26,"male",41287.8559673185
2042,27,"male",41791.5910415058
2042,28,"male",42051.2057132777
2042,29,"male",42763.5533661622
2042,30,"male",43310.9794388005
2042,31,"male",43830.1386137203
2042,32,"male",44304.1260552724
2042,33,"male",44186.2705786697
2042,34,"male",44487.1606416276
2042,35,"male",43189.4364779382
2042,36,"male",40904.496181189
2042,37,"male",40462.1977661821
2042,38,"male",40537.7338970314
2042,39,"male",39981.2867724778
2042,40,"male",39612.3293396789
2042,41,"male",40706.7021094591
2042,42,"male",41375.8120465013
2042,43,"male",40663.2120262519
2042,44,"male",41532.8685595166
2042,45,"male",41798.0695623713
2042,46,"male",43316.9062013022
2042,47,"male",43859.8423119021
2042,48,"male",44248.8611495739
2042,49,"male",45318.608782209
2042,50,"male",46085.2851390154
2042,51,"male",46018.7678458378
2042,52,"male",45097.6746533928
2042,53,"male",43222.5940193955
2042,54,"male",42302.5029200251
2042,55,"male",40935.5330921514
2042,56,"male",38719.7027324444
2042,57,"male",37413.3257765149
2042,58,"male",36702.3236834402
2042,59,"male",35613.711104743
2042,60,"male",34129.0614477467
2042,61,"male",33106.6226954917
2042,62,"male",32043.5462476438
2042,63,"male",30834.8216388297
2042,64,"male",29393.1818501621
2042,65,"male",29461.7944314799
2042,66,"male",28910.7012390349
2042,67,"male",28834.8007107038
2042,68,"male",29502.9085546714
2042,69,"male",29925.9357646417
2042,70,"male",30353.1256402948
2042,71,"male",30185.7884527835
2042,72,"male",28745.4449860482
2042,73,"male",28274.5549230903
2042,74,"male",27154.7580525776
2042,75,"male",26060.3721311251
2042,76,"male",25472.1239499095
2042,77,"male",25100.3228932475
2042,78,"male",24938.5218365855
2042,79,"male",24384.9898918854
2042,80,"male",23313.3448926206
2042,81,"male",21859.4485504389
2042,82,"male",19966.9186988135
2042,83,"male",18625.8882986076
2042,84,"male",16768.8244092075
2042,85,"male",15119.034363204
2042,86,"male",13516.6165416954
2042,87,"male",11846.3432435841
2042,88,"male",10285.4531806263
2042,89,"male",8656.74950255862
2042,90,"male",7277.09008171681
2042,91,"male",5984.01363386887
2042,92,"male",4880.48168916882
2042,93,"male",3785.4010551716
2042,94,"male",2949.22722872931
2042,95,"male",6194.10473323929
2043,0,"male",35294.5856775
2043,1,"male",35179.2664404901
2043,2,"male",35199.1596831979
2043,3,"male",35243.7336888958
2043,4,"male",35329.4778853413
2043,5,"male",35393.4706110251
2043,6,"male",35559.6397669061
2043,7,"male",35921.9760089349
2043,8,"male",36221.3354651819
2043,9,"male",36405.0595520088
2043,10,"male",36792.6291392754
2043,11,"male",37094.9695207704
2043,12,"male",37484.0107748741
2043,13,"male",37906.5626012203
2043,14,"male",38387.9442368191
2043,15,"male",34326.2974340436
2043,16,"male",34888.4628881873
2043,17,"male",35552.4503297394
2043,18,"male",36225.2534794761
2043,19,"male",36268.8765235466
2043,20,"male",36931.9624078909
2043,21,"male",38890.049321112
2043,22,"male",39883.5320279345
2043,23,"male",39536.5801686512
2043,24,"male",40572.5016277286
2043,25,"male",40591.0235145368
2043,26,"male",41077.8559673185
2043,27,"male",41621.5910415058
2043,28,"male",42191.2057132777
2043,29,"male",42523.5533661622
2043,30,"male",43380.9794388005
2043,31,"male",43820.1386137203
2043,32,"male",44324.1260552724
2043,33,"male",44806.2705786697
2043,34,"male",44687.1606416276
2043,35,"male",44969.4364779382
2043,36,"male",43704.496181189
2043,37,"male",41392.1977661821
2043,38,"male",40947.7338970314
2043,39,"male",41001.2867724778
2043,40,"male",40342.3293396789
2043,41,"male",39986.7021094591
2043,42,"male",41025.8120465013
2043,43,"male",41663.2120262519
2043,44,"male",40872.8685595166
2043,45,"male",41638.0695623713
2043,46,"male",41896.9062013022
2043,47,"male",43389.8423119021
2043,48,"male",43878.8611495739
2043,49,"male",44228.608782209
2043,50,"male",45245.2851390154
2043,51,"male",46008.7678458378
2043,52,"male",45907.6746533928
2043,53,"male",44992.5940193955
2043,54,"male",43122.5029200251
2043,55,"male",42205.5330921514
2043,56,"male",40839.7027324444
2043,57,"male",38643.3257765149
2043,58,"male",37342.3236834402
2043,59,"male",36653.711104743
2043,60,"male",35569.0614477467
2043,61,"male",34076.6226954917
2043,62,"male",33053.5462476438
2043,63,"male",31984.8216388297
2043,64,"male",30753.1818501621
2043,65,"male",29301.7944314799
2043,66,"male",29360.7012390349
2043,67,"male",28774.8007107038
2043,68,"male",28672.9085546714
2043,69,"male",29305.9357646417
2043,70,"male",29673.1256402948
2043,71,"male",30065.7884527835
2043,72,"male",29865.4449860482
2043,73,"male",28384.5549230903
2043,74,"male",27884.7580525776
2043,75,"male",26720.3721311251
2043,76,"male",25592.1239499095
2043,77,"male",24940.3228932475
2043,78,"male",24498.5218365855
2043,79,"male",24254.9898918854
2043,80,"male",23613.3448926206
2043,81,"male",22459.4485504389
2043,82,"male",20936.9186988135
2043,83,"male",19025.8882986076
2043,84,"male",17588.8244092075
2043,85,"male",15669.034363204
2043,86,"male",13986.6165416954
2043,87,"male",12326.3432435841
2043,88,"male",10645.4531806263
2043,89,"male",9096.74950255862
2043,90,"male",7497.09008171681
2043,91,"male",6174.01363386887
2043,92,"male",4960.48168916882
2043,93,"male",3945.4010551716
2043,94,"male",2979.22722872931
2043,95,"male",6714.10473323929
2044,0,"male",35424.5856775
2044,1,"male",35359.2664404901
2044,2,"male",35399.1596831979
2044,3,"male",35473.7336888958
2044,4,"male",35579.4778853413
2044,5,"male",35633.4706110251
2044,6,"male",35789.6397669061
2044,7,"male",36131.9760089349
2044,8,"male",36401.3354651819
2044,9,"male",36555.0595520088
2044,10,"male",36902.6291392754
2044,11,"male",37164.9695207704
2044,12,"male",37524.0107748741
2044,13,"male",37936.5626012203
2044,14,"male",38407.9442368191
2044,15,"male",34346.2974340436
2044,16,"male",34918.4628881873
2044,17,"male",35612.4503297394
2044,18,"male",36315.2534794761
2044,19,"male",36948.8765235466
2044,20,"male",36791.9624078909
2044,21,"male",37350.049321112
2044,22,"male",39233.5320279345
2044,23,"male",40216.5801686512
2044,24,"male",39832.5016277286
2044,25,"male",40951.0235145368
2044,26,"male",40887.8559673185
2044,27,"male",41421.5910415058
2044,28,"male",42031.2057132777
2044,29,"male",42673.5533661622
2044,30,"male",43140.9794388005
2044,31,"male",43890.1386137203
2044,32,"male",44314.1260552724
2044,33,"male",44826.2705786697
2044,34,"male",45307.1606416276
2044,35,"male",45169.4364779382
2044,36,"male",45484.496181189
2044,37,"male",44192.1977661821
2044,38,"male",41877.7338970314
2044,39,"male",41401.2867724778
2044,40,"male",41362.3293396789
2044,41,"male",40716.7021094591
2044,42,"male",40305.8120465013
2044,43,"male",41313.2120262519
2044,44,"male",41872.8685595166
2044,45,"male",40978.0695623713
2044,46,"male",41746.9062013022
2044,47,"male",41969.8423119021
2044,48,"male",43408.8611495739
2044,49,"male",43858.608782209
2044,50,"male",44155.2851390154
2044,51,"male",45178.7678458378
2044,52,"male",45907.6746533928
2044,53,"male",45812.5940193955
2044,54,"male",44892.5029200251
2044,55,"male",43025.5330921514
2044,56,"male",42109.7027324444
2044,57,"male",40753.3257765149
2044,58,"male",38572.3236834402
2044,59,"male",37293.711104743
2044,60,"male",36609.0614477467
2044,61,"male",35516.6226954917
2044,62,"male",34033.5462476438
2044,63,"male",32994.8216388297
2044,64,"male",31903.1818501621
2044,65,"male",30661.7944314799
2044,66,"male",29200.7012390349
2044,67,"male",29224.8007107038
2044,68,"male",28622.9085546714
2044,69,"male",28495.9357646417
2044,70,"male",29073.1256402948
2044,71,"male",29405.7884527835
2044,72,"male",29755.4449860482
2044,73,"male",29504.5549230903
2044,74,"male",28004.7580525776
2044,75,"male",27440.3721311251
2044,76,"male",26252.1239499095
2044,77,"male",25070.3228932475
2044,78,"male",24358.5218365855
2044,79,"male",23834.9898918854
2044,80,"male",23503.3448926206
2044,81,"male",22769.4485504389
2044,82,"male",21536.9186988135
2044,83,"male",19955.8882986076
2044,84,"male",17968.8244092075
2044,85,"male",16449.034363204
2044,86,"male",14516.6165416954
2044,87,"male",12766.3432435841
2044,88,"male",11095.4531806263
2044,89,"male",9416.74950255862
2044,90,"male",7887.09008171681
2044,91,"male",6364.01363386887
2044,92,"male",5120.48168916882
2044,93,"male",4015.4010551716
2044,94,"male",3109.22722872931
2044,95,"male",7114.10473323929
2045,0,"male",35524.5856775
2045,1,"male",35489.2664404901
2045,2,"male",35579.1596831979
2045,3,"male",35683.7336888958
2045,4,"male",35809.4778853413
2045,5,"male",35883.4706110251
2045,6,"male",36029.6397669061
2045,7,"male",36361.9760089349
2045,8,"male",36611.3354651819
2045,9,"male",36735.0595520088
2045,10,"male",37052.6291392754
2045,11,"male",37274.9695207704
2045,12,"male",37604.0107748741
2045,13,"male",37996.5626012203
2045,14,"male",38437.9442368191
2045,15,"male",34366.2974340436
2045,16,"male",34938.4628881873
2045,17,"male",35642.4503297394
2045,18,"male",36375.2534794761
2045,19,"male",37038.8765235466
2045,20,"male",37481.9624078909
2045,21,"male",37220.049321112
2045,22,"male",37693.5320279345
2045,23,"male",39566.5801686512
2045,24,"male",40522.5016277286
2045,25,"male",40221.0235145368
2045,26,"male",41247.8559673185
2045,27,"male",41231.5910415058
2045,28,"male",41831.2057132777
2045,29,"male",42513.5533661622
2045,30,"male",43290.9794388005
2045,31,"male",43650.1386137203
2045,32,"male",44384.1260552724
2045,33,"male",44816.2705786697
2045,34,"male",45337.1606416276
2045,35,"male",45799.4364779382
2045,36,"male",45694.496181189
2045,37,"male",45982.1977661821
2045,38,"male",44677.7338970314
2045,39,"male",42341.2867724778
2045,40,"male",41772.3293396789
2045,41,"male",41736.7021094591
2045,42,"male",41045.8120465013
2045,43,"male",40593.2120262519
2045,44,"male",41522.8685595166
2045,45,"male",41978.0695623713
2045,46,"male",41086.9062013022
2045,47,"male",41819.8423119021
2045,48,"male",41998.8611495739
2045,49,"male",43388.608782209
2045,50,"male",43795.2851390154
2045,51,"male",44088.7678458378
2045,52,"male",45077.6746533928
2045,53,"male",45812.5940193955
2045,54,"male",45712.5029200251
2045,55,"male",44795.5330921514
2045,56,"male",42939.7027324444
2045,57,"male",42023.3257765149
2045,58,"male",40682.3236834402
2045,59,"male",38523.711104743
2045,60,"male",37249.0614477467
2045,61,"male",36556.6226954917
2045,62,"male",35463.5462476438
2045,63,"male",33974.8216388297
2045,64,"male",32923.1818501621
2045,65,"male",31801.7944314799
2045,66,"male",30550.7012390349
2045,67,"male",29074.8007107038
2045,68,"male",29072.9085546714
2045,69,"male",28455.9357646417
2045,70,"male",28263.1256402948
2045,71,"male",28815.7884527835
2045,72,"male",29105.4449860482
2045,73,"male",29404.5549230903
2045,74,"male",29114.7580525776
2045,75,"male",27570.3721311251
2045,76,"male",26972.1239499095
2045,77,"male",25720.3228932475
2045,78,"male",24488.5218365855
2045,79,"male",23704.9898918854
2045,80,"male",23113.3448926206
2045,81,"male",22669.4485504389
2045,82,"male",21836.9186988135
2045,83,"male",20535.8882986076
2045,84,"male",18868.8244092075
2045,85,"male",16829.034363204
2045,86,"male",15246.6165416954
2045,87,"male",13256.3432435841
2045,88,"male",11505.4531806263
2045,89,"male",9826.74950255862
2045,90,"male",8187.09008171681
2045,91,"male",6704.01363386887
2045,92,"male",5290.48168916882
2045,93,"male",4145.4010551716
2045,94,"male",3169.22722872931
2045,95,"male",7504.10473323929
2046,0,"male",35594.5856775
2046,1,"male",35589.2664404901
2046,2,"male",35719.1596831979
2046,3,"male",35853.7336888958
2046,4,"male",36019.4778853413
2046,5,"male",36113.4706110251
2046,6,"male",36279.6397669061
2046,7,"male",36611.9760089349
2046,8,"male",36851.3354651819
2046,9,"male",36945.0595520088
2046,10,"male",37232.6291392754
2046,11,"male",37424.9695207704
2046,12,"male",37714.0107748741
2046,13,"male",38066.5626012203
2046,14,"male",38497.9442368191
2046,15,"male",34406.2974340436
2046,16,"male",34958.4628881873
2046,17,"male",35672.4503297394
2046,18,"male",36405.2534794761
2046,19,"male",37098.8765235466
2046,20,"male",37571.9624078909
2046,21,"male",37910.049321112
2046,22,"male",37573.5320279345
2046,23,"male",38036.5801686512
2046,24,"male",39882.5016277286
2046,25,"male",40911.0235145368
2046,26,"male",40517.8559673185
2046,27,"male",41601.5910415058
2046,28,"male",41641.2057132777
2046,29,"male",42313.5533661622
2046,30,"male",43140.9794388005
2046,31,"male",43810.1386137203
2046,32,"male",44154.1260552724
2046,33,"male",44896.2705786697
2046,34,"male",45327.1606416276
2046,35,"male",45819.4364779382
2046,36,"male",46314.496181189
2046,37,"male",46192.1977661821
2046,38,"male",46467.7338970314
2046,39,"male",45141.2867724778
2046,40,"male",42712.3293396789
2046,41,"male",42146.7021094591
2046,42,"male",42065.8120465013
2046,43,"male",41333.2120262519
2046,44,"male",40812.8685595166
2046,45,"male",41638.0695623713
2046,46,"male",42086.9062013022
2046,47,"male",41169.8423119021
2046,48,"male",41848.8611495739
2046,49,"male",41988.608782209
2046,50,"male",43325.2851390154
2046,51,"male",43728.7678458378
2046,52,"male",43997.6746533928
2046,53,"male",44982.5940193955
2046,54,"male",45712.5029200251
2046,55,"male",45605.5330921514
2046,56,"male",44699.7027324444
2046,57,"male",42853.3257765149
2046,58,"male",41952.3236834402
2046,59,"male",40623.711104743
2046,60,"male",38479.0614477467
2046,61,"male",37206.6226954917
2046,62,"male",36503.5462476438
2046,63,"male",35404.8216388297
2046,64,"male",33893.1818501621
2046,65,"male",32821.7944314799
2046,66,"male",31700.7012390349
2046,67,"male",30424.8007107038
2046,68,"male",28932.9085546714
2046,69,"male",28905.9357646417
2046,70,"male",28233.1256402948
2046,71,"male",28025.7884527835
2046,72,"male",28535.4449860482
2046,73,"male",28774.5549230903
2046,74,"male",29024.7580525776
2046,75,"male",28670.3721311251
2046,76,"male",27102.1239499095
2046,77,"male",26440.3228932475
2046,78,"male",25138.5218365855
2046,79,"male",23854.9898918854
2046,80,"male",22993.3448926206
2046,81,"male",22309.4485504389
2046,82,"male",21756.9186988135
2046,83,"male",20845.8882986076
2046,84,"male",19428.8244092075
2046,85,"male",17689.034363204
2046,86,"male",15606.6165416954
2046,87,"male",13946.3432435841
2046,88,"male",11955.4531806263
2046,89,"male",10196.7495025586
2046,90,"male",8547.09008171681
2046,91,"male",6964.01363386887
2046,92,"male",5580.48168916882
2046,93,"male",4295.4010551716
2046,94,"male",3279.22722872931
2046,95,"male",7844.10473323929
2047,0,"male",35624.5856775
2047,1,"male",35659.2664404901
2047,2,"male",35819.1596831979
2047,3,"male",35993.7336888958
2047,4,"male",36189.4778853413
2047,5,"male",36323.4706110251
2047,6,"male",36519.6397669061
2047,7,"male",36861.9760089349
2047,8,"male",37101.3354651819
2047,9,"male",37185.0595520088
2047,10,"male",37442.6291392754
2047,11,"male",37614.9695207704
2047,12,"male",37864.0107748741
2047,13,"male",38186.5626012203
2047,14,"male",38577.9442368191
2047,15,"male",34456.2974340436
2047,16,"male",34998.4628881873
2047,17,"male",35692.4503297394
2047,18,"male",36435.2534794761
2047,19,"male",37138.8765235466
2047,20,"male",37641.9624078909
2047,21,"male",38010.049321112
2047,22,"male",38263.5320279345
2047,23,"male",37916.5801686512
2047,24,"male",38352.5016277286
2047,25,"male",40271.0235145368
2047,26,"male",41207.8559673185
2047,27,"male",40871.5910415058
2047,28,"male",42011.2057132777
2047,29,"male",42123.5533661622
2047,30,"male",42940.9794388005
2047,31,"male",43660.1386137203
2047,32,"male",44314.1260552724
2047,33,"male",44666.2705786697
2047,34,"male",45407.1606416276
2047,35,"male",45819.4364779382
2047,36,"male",46354.496181189
2047,37,"male",46822.1977661821
2047,38,"male",46687.7338970314
2047,39,"male",46931.2867724778
2047,40,"male",45512.3293396789
2047,41,"male",43096.7021094591
2047,42,"male",42485.8120465013
2047,43,"male",42353.2120262519
2047,44,"male",41552.8685595166
2047,45,"male",40928.0695623713
2047,46,"male",41746.9062013022
2047,47,"male",42169.8423119021
2047,48,"male",41198.8611495739
2047,49,"male",41838.608782209
2047,50,"male",41925.2851390154
2047,51,"male",43268.7678458378
2047,52,"male",43637.6746533928
2047,53,"male",43902.5940193955
2047,54,"male",44892.5029200251
2047,55,"male",45615.5330921514
2047,56,"male",45519.7027324444
2047,57,"male",44613.3257765149
2047,58,"male",42782.3236834402
2047,59,"male",41903.711104743
2047,60,"male",40579.0614477467
2047,61,"male",38426.6226954917
2047,62,"male",37153.5462476438
2047,63,"male",36444.8216388297
2047,64,"male",35323.1818501621
2047,65,"male",33791.7944314799
2047,66,"male",32710.7012390349
2047,67,"male",31564.8007107038
2047,68,"male",30272.9085546714
2047,69,"male",28765.9357646417
2047,70,"male",28683.1256402948
2047,71,"male",27995.7884527835
2047,72,"male",27755.4449860482
2047,73,"male",28214.5549230903
2047,74,"male",28404.7580525776
2047,75,"male",28590.3721311251
2047,76,"male",28192.1239499095
2047,77,"male",26580.3228932475
2047,78,"male",25848.5218365855
2047,79,"male",24494.9898918854
2047,80,"male",23143.3448926206
2047,81,"male",22209.4485504389
2047,82,"male",21426.9186988135
2047,83,"male",20775.8882986076
2047,84,"male",19738.8244092075
2047,85,"male",18229.034363204
2047,86,"male",16416.6165416954
2047,87,"male",14286.3432435841
2047,88,"male",12585.4531806263
2047,89,"male",10606.7495025586
2047,90,"male",8877.09008171681
2047,91,"male",7274.01363386887
2047,92,"male",5800.48168916882
2047,93,"male",4525.4010551716
2047,94,"male",3399.22722872931
2047,95,"male",8164.10473323929
2048,0,"male",35624.5856775
2048,1,"male",35689.2664404901
2048,2,"male",35879.1596831979
2048,3,"male",36103.7336888958
2048,4,"male",36339.4778853413
2048,5,"male",36503.4706110251
2048,6,"male",36729.6397669061
2048,7,"male",37101.9760089349
2048,8,"male",37351.3354651819
2048,9,"male",37435.0595520088
2048,10,"male",37682.6291392754
2048,11,"male",37824.9695207704
2048,12,"male",38054.0107748741
2048,13,"male",38336.5626012203
2048,14,"male",38687.9442368191
2048,15,"male",34536.2974340436
2048,16,"male",35058.4628881873
2048,17,"male",35732.4503297394
2048,18,"male",36465.2534794761
2048,19,"male",37168.8765235466
2048,20,"male",37681.9624078909
2048,21,"male",38080.049321112
2048,22,"male",38363.5320279345
2048,23,"male",38616.5801686512
2048,24,"male",38242.5016277286
2048,25,"male",38751.0235145368
2048,26,"male",40577.8559673185
2048,27,"male",41561.5910415058
2048,28,"male",41291.2057132777
2048,29,"male",42503.5533661622
2048,30,"male",42760.9794388005
2048,31,"male",43460.1386137203
2048,32,"male",44164.1260552724
2048,33,"male",44826.2705786697
2048,34,"male",45187.1606416276
2048,35,"male",45899.4364779382
2048,36,"male",46344.496181189
2048,37,"male",46852.1977661821
2048,38,"male",47317.7338970314
2048,39,"male",47151.2867724778
2048,40,"male",47312.3293396789
2048,41,"male",45896.7021094591
2048,42,"male",43425.8120465013
2048,43,"male",42773.2120262519
2048,44,"male",42582.8685595166
2048,45,"male",41668.0695623713
2048,46,"male",41046.9062013022
2048,47,"male",41829.8423119021
2048,48,"male",42198.8611495739
2048,49,"male",41188.608782209
2048,50,"male",41775.2851390154
2048,51,"male",41868.7678458378
2048,52,"male",43177.6746533928
2048,53,"male",43552.5940193955
2048,54,"male",43822.5029200251
2048,55,"male",44795.5330921514
2048,56,"male",45529.7027324444
2048,57,"male",45433.3257765149
2048,58,"male",44542.3236834402
2048,59,"male",42723.711104743
2048,60,"male",41849.0614477467
2048,61,"male",40526.6226954917
2048,62,"male",38373.5462476438
2048,63,"male",37094.8216388297
2048,64,"male",36363.1818501621
2048,65,"male",35221.7944314799
2048,66,"male",33680.7012390349
2048,67,"male",32584.8007107038
2048,68,"male",31412.9085546714
2048,69,"male",30105.9357646417
2048,70,"male",28553.1256402948
2048,71,"male",28455.7884527835
2048,72,"male",27735.4449860482
2048,73,"male",27454.5549230903
2048,74,"male",27854.7580525776
2048,75,"male",27990.3721311251
2048,76,"male",28122.1239499095
2048,77,"male",27660.3228932475
2048,78,"male",25998.5218365855
2048,79,"male",25204.9898918854
2048,80,"male",23793.3448926206
2048,81,"male",22369.4485504389
2048,82,"male",21346.9186988135
2048,83,"male",20475.8882986076
2048,84,"male",19688.8244092075
2048,85,"male",18529.034363204
2048,86,"male",16936.6165416954
2048,87,"male",15046.3432435841
2048,88,"male",12905.4531806263
2048,89,"male",11176.7495025586
2048,90,"male",9247.09008171681
2048,91,"male",7574.01363386887
2048,92,"male",6070.48168916882
2048,93,"male",4715.4010551716
2048,94,"male",3589.22722872931
2048,95,"male",8494.10473323929
2049,0,"male",35594.5856775
2049,1,"male",35689.2664404901
2049,2,"male",35919.1596831979
2049,3,"male",36173.7336888958
2049,4,"male",36439.4778853413
2049,5,"male",36653.4706110251
2049,6,"male",36909.6397669061
2049,7,"male",37311.9760089349
2049,8,"male",37591.3354651819
2049,9,"male",37685.0595520088
2049,10,"male",37942.6291392754
2049,11,"male",38064.9695207704
2049,12,"male",38274.0107748741
2049,13,"male",38526.5626012203
2049,14,"male",38847.9442368191
2049,15,"male",34656.2974340436
2049,16,"male",35138.4628881873
2049,17,"male",35792.4503297394
2049,18,"male",36505.2534794761
2049,19,"male",37198.8765235466
2049,20,"male",37721.9624078909
2049,21,"male",38130.049321112
2049,22,"male",38443.5320279345
2049,23,"male",38716.5801686512
2049,24,"male",38942.5016277286
2049,25,"male",38641.0235145368
2049,26,"male",39067.8559673185
2049,27,"male",40931.5910415058
2049,28,"male",41991.2057132777
2049,29,"male",41783.5533661622
2049,30,"male",43140.9794388005
2049,31,"male",43290.1386137203
2049,32,"male",43974.1260552724
2049,33,"male",44676.2705786697
2049,34,"male",45347.1606416276
2049,35,"male",45679.4364779382
2049,36,"male",46434.496181189
2049,37,"male",46852.1977661821
2049,38,"male",47357.7338970314
2049,39,"male",47781.2867724778
2049,40,"male",47532.3293396789
2049,41,"male",47686.7021094591
2049,42,"male",46225.8120465013
2049,43,"male",43713.2120262519
2049,44,"male",42992.8685595166
2049,45,"male",42698.0695623713
2049,46,"male",41786.9062013022
2049,47,"male",41129.8423119021
2049,48,"male",41858.8611495739
2049,49,"male",42198.608782209
2049,50,"male",41135.2851390154
2049,51,"male",41728.7678458378
2049,52,"male",41787.6746533928
2049,53,"male",43092.5940193955
2049,54,"male",43472.5029200251
2049,55,"male",43735.5330921514
2049,56,"male",44709.7027324444
2049,57,"male",45443.3257765149
2049,58,"male",45352.3236834402
2049,59,"male",44483.711104743
2049,60,"male",42679.0614477467
2049,61,"male",41796.6226954917
2049,62,"male",40473.5462476438
2049,63,"male",38314.8216388297
2049,64,"male",37013.1818501621
2049,65,"male",36251.7944314799
2049,66,"male",35110.7012390349
2049,67,"male",33554.8007107038
2049,68,"male",32422.9085546714
2049,69,"male",31235.9357646417
2049,70,"male",29893.1256402948
2049,71,"male",28325.7884527835
2049,72,"male",28185.4449860482
2049,73,"male",27434.5549230903
2049,74,"male",27114.7580525776
2049,75,"male",27460.3721311251
2049,76,"male",27552.1239499095
2049,77,"male",27600.3228932475
2049,78,"male",27068.5218365855
2049,79,"male",25354.9898918854
2049,80,"male",24483.3448926206
2049,81,"male",22999.4485504389
2049,82,"male",21506.9186988135
2049,83,"male",20415.8882986076
2049,84,"male",19418.8244092075
2049,85,"male",18499.034363204
2049,86,"male",17226.6165416954
2049,87,"male",15526.3432435841
2049,88,"male",13605.4531806263
2049,89,"male",11476.7495025586
2049,90,"male",9757.09008171681
2049,91,"male",7894.01363386887
2049,92,"male",6320.48168916882
2049,93,"male",4935.4010551716
2049,94,"male",3739.22722872931
2049,95,"male",8894.10473323929
2050,0,"male",35554.5856775
2050,1,"male",35669.2664404901
2050,2,"male",35919.1596831979
2050,3,"male",36203.7336888958
2050,4,"male",36509.4778853413
2050,5,"male",36753.4706110251
2050,6,"male",37059.6397669061
2050,7,"male",37501.9760089349
2050,8,"male",37811.3354651819
2050,9,"male",37935.0595520088
2050,10,"male",38192.6291392754
2050,11,"male",38324.9695207704
2050,12,"male",38514.0107748741
2050,13,"male",38746.5626012203
2050,14,"male",39037.9442368191
2050,15,"male",34816.2974340436
2050,16,"male",35258.4628881873
2050,17,"male",35882.4503297394
2050,18,"male",36575.2534794761
2050,19,"male",37248.8765235466
2050,20,"male",37761.9624078909
2050,21,"male",38170.049321112
2050,22,"male",38493.5320279345
2050,23,"male",38796.5801686512
2050,24,"male",39052.5016277286
2050,25,"male",39341.0235145368
2050,26,"male",38957.8559673185
2050,27,"male",39431.5910415058
2050,28,"male",41361.2057132777
2050,29,"male",42483.5533661622
2050,30,"male",42430.9794388005
2050,31,"male",43670.1386137203
2050,32,"male",43804.1260552724
2050,33,"male",44486.2705786697
2050,34,"male",45207.1606416276
2050,35,"male",45849.4364779382
2050,36,"male",46214.496181189
2050,37,"male",46942.1977661821
2050,38,"male",47357.7338970314
2050,39,"male",47821.2867724778
2050,40,"male",48162.3293396789
2050,41,"male",47916.7021094591
2050,42,"male",48025.8120465013
2050,43,"male",46523.2120262519
2050,44,"male",43942.8685595166
2050,45,"male",43118.0695623713
2050,46,"male",42816.9062013022
2050,47,"male",41869.8423119021
2050,48,"male",41158.8611495739
2050,49,"male",41858.608782209
2050,50,"male",42145.2851390154
2050,51,"male",41088.7678458378
2050,52,"male",41647.6746533928
2050,53,"male",41712.5940193955
2050,54,"male",43012.5029200251
2050,55,"male",43385.5330921514
2050,56,"male",43649.7027324444
2050,57,"male",44633.3257765149
2050,58,"male",45372.3236834402
2050,59,"male",45303.711104743
2050,60,"male",44429.0614477467
2050,61,"male",42616.6226954917
2050,62,"male",41733.5462476438
2050,63,"male",40404.8216388297
2050,64,"male",38233.1818501621
2050,65,"male",36901.7944314799
2050,66,"male",36140.7012390349
2050,67,"male",34974.8007107038
2050,68,"male",33392.9085546714
2050,69,"male",32245.9357646417
2050,70,"male",31023.1256402948
2050,71,"male",29655.7884527835
2050,72,"male",28075.4449860482
2050,73,"male",27894.5549230903
2050,74,"male",27104.7580525776
2050,75,"male",26740.3721311251
2050,76,"male",27032.1239499095
2050,77,"male",27050.3228932475
2050,78,"male",27018.5218365855
2050,79,"male",26404.9898918854
2050,80,"male",24643.3448926206
2050,81,"male",23689.4485504389
2050,82,"male",22126.9186988135
2050,83,"male",20585.8882986076
2050,84,"male",19368.8244092075
2050,85,"male",18259.034363204
2050,86,"male",17216.6165416954
2050,87,"male",15816.3432435841
2050,88,"male",14055.4531806263
2050,89,"male",12106.7495025586
2050,90,"male",10027.0900817168
2050,91,"male",8334.01363386887
2050,92,"male",6590.48168916882
2050,93,"male",5145.4010551716
2050,94,"male",3919.22722872931
2050,95,"male",9304.10473323929
2051,0,"male",35494.5856775
2051,1,"male",35629.2664404901
2051,2,"male",35899.1596831979
2051,3,"male",36213.7336888958
2051,4,"male",36549.4778853413
2051,5,"male",36833.4706110251
2051,6,"male",37169.6397669061
2051,7,"male",37651.9760089349
2051,8,"male",37991.3354651819
2051,9,"male",38145.0595520088
2051,10,"male",38442.6291392754
2051,11,"male",38584.9695207704
2051,12,"male",38774.0107748741
2051,13,"male",38986.5626012203
2051,14,"male",39257.9442368191
2051,15,"male",35006.2974340436
2051,16,"male",35418.4628881873
2051,17,"male",36002.4503297394
2051,18,"male",36665.2534794761
2051,19,"male",37318.8765235466
2051,20,"male",37811.9624078909
2051,21,"male",38210.049321112
2051,22,"male",38533.5320279345
2051,23,"male",38856.5801686512
2051,24,"male",39132.5016277286
2051,25,"male",39461.0235145368
2051,26,"male",39667.8559673185
2051,27,"male",39321.5910415058
2051,28,"male",39861.2057132777
2051,29,"male",41863.5533661622
2051,30,"male",43130.9794388005
2051,31,"male",42960.1386137203
2051,32,"male",44184.1260552724
2051,33,"male",44316.2705786697
2051,34,"male",45017.1606416276
2051,35,"male",45709.4364779382
2051,36,"male",46384.496181189
2051,37,"male",46732.1977661821
2051,38,"male",47447.7338970314
2051,39,"male",47831.2867724778
2051,40,"male",48212.3293396789
2051,41,"male",48546.7021094591
2051,42,"male",48245.8120465013
2051,43,"male",48323.2120262519
2051,44,"male",46742.8685595166
2051,45,"male",44068.0695623713
2051,46,"male",43236.9062013022
2051,47,"male",42899.8423119021
2051,48,"male",41908.8611495739
2051,49,"male",41168.608782209
2051,50,"male",41815.2851390154
2051,51,"male",42088.7678458378
2051,52,"male",41007.6746533928
2051,53,"male",41572.5940193955
2051,54,"male",41632.5029200251
2051,55,"male",42935.5330921514
2051,56,"male",43309.7027324444
2051,57,"male",43583.3257765149
2051,58,"male",44572.3236834402
2051,59,"male",45323.711104743
2051,60,"male",45249.0614477467
2051,61,"male",44376.6226954917
2051,62,"male",42563.5462476438
2051,63,"male",41664.8216388297
2051,64,"male",40313.1818501621
2051,65,"male",38121.7944314799
2051,66,"male",36790.7012390349
2051,67,"male",36004.8007107038
2051,68,"male",34812.9085546714
2051,69,"male",33215.9357646417
2051,70,"male",32023.1256402948
2051,71,"male",30785.7884527835
2051,72,"male",29395.4449860482
2051,73,"male",27784.5549230903
2051,74,"male",27564.7580525776
2051,75,"male",26740.3721311251
2051,76,"male",26332.1239499095
2051,77,"male",26550.3228932475
2051,78,"male",26488.5218365855
2051,79,"male",26374.9898918854
2051,80,"male",25683.3448926206
2051,81,"male",23859.4485504389
2051,82,"male",22806.9186988135
2051,83,"male",21195.8882986076
2051,84,"male",19548.8244092075
2051,85,"male",18229.034363204
2051,86,"male",17006.6165416954
2051,87,"male",15816.3432435841
2051,88,"male",14325.4531806263
2051,89,"male",12526.7495025586
2051,90,"male",10587.0900817168
2051,91,"male",8574.01363386887
2051,92,"male",6970.48168916882
2051,93,"male",5375.4010551716
2051,94,"male",4089.22722872931
2051,95,"male",9744.10473323929
2052,0,"male",35424.5856775
2052,1,"male",35569.2664404901
2052,2,"male",35859.1596831979
2052,3,"male",36193.7336888958
2052,4,"male",36559.4778853413
2052,5,"male",36873.4706110251
2052,6,"male",37239.6397669061
2052,7,"male",37761.9760089349
2052,8,"male",38141.3354651819
2052,9,"male",38335.0595520088
2052,10,"male",38662.6291392754
2052,11,"male",38824.9695207704
2052,12,"male",39034.0107748741
2052,13,"male",39246.5626012203
2052,14,"male",39507.9442368191
2052,15,"male",35236.2974340436
2052,16,"male",35618.4628881873
2052,17,"male",36162.4503297394
2052,18,"male",36785.2534794761
2052,19,"male",37408.8765235466
2052,20,"male",37881.9624078909
2052,21,"male",38260.049321112
2052,22,"male",38583.5320279345
2052,23,"male",38906.5801686512
2052,24,"male",39192.5016277286
2052,25,"male",39541.0235145368
2052,26,"male",39777.8559673185
2052,27,"male",40031.5910415058
2052,28,"male",39761.2057132777
2052,29,"male",40363.5533661622
2052,30,"male",42510.9794388005
2052,31,"male",43660.1386137203
2052,32,"male",43474.1260552724
2052,33,"male",44706.2705786697
2052,34,"male",44847.1606416276
2052,35,"male",45529.4364779382
2052,36,"male",46254.496181189
2052,37,"male",46902.1977661821
2052,38,"male",47237.7338970314
2052,39,"male",47931.2867724778
2052,40,"male",48222.3293396789
2052,41,"male",48596.7021094591
2052,42,"male",48885.8120465013
2052,43,"male",48543.2120262519
2052,44,"male",48542.8685595166
2052,45,"male",46868.0695623713
2052,46,"male",44186.9062013022
2052,47,"male",43319.8423119021
2052,48,"male",42938.8611495739
2052,49,"male",41908.608782209
2052,50,"male",41115.2851390154
2052,51,"male",41768.7678458378
2052,52,"male",42017.6746533928
2052,53,"male",40942.5940193955
2052,54,"male",41502.5029200251
2052,55,"male",41565.5330921514
2052,56,"male",42869.7027324444
2052,57,"male",43243.3257765149
2052,58,"male",43522.3236834402
2052,59,"male",44523.711104743
2052,60,"male",45269.0614477467
2052,61,"male",45196.6226954917
2052,62,"male",44313.5462476438
2052,63,"male",42494.8216388297
2052,64,"male",41583.1818501621
2052,65,"male",40201.7944314799
2052,66,"male",38010.7012390349
2052,67,"male",36654.8007107038
2052,68,"male",35842.9085546714
2052,69,"male",34625.9357646417
2052,70,"male",32993.1256402948
2052,71,"male",31785.7884527835
2052,72,"male",30515.4449860482
2052,73,"male",29094.5549230903
2052,74,"male",27464.7580525776
2052,75,"male",27200.3721311251
2052,76,"male",26342.1239499095
2052,77,"male",25870.3228932475
2052,78,"male",26018.5218365855
2052,79,"male",25864.9898918854
2052,80,"male",25663.3448926206
2052,81,"male",24869.4485504389
2052,82,"male",22976.9186988135
2052,83,"male",21845.8882986076
2052,84,"male",20138.8244092075
2052,85,"male",18409.034363204
2052,86,"male",16996.6165416954
2052,87,"male",15636.3432435841
2052,88,"male",14345.4531806263
2052,89,"male",12776.7495025586
2052,90,"male",10957.0900817168
2052,91,"male",9064.01363386887
2052,92,"male",7180.48168916882
2052,93,"male",5695.4010551716
2052,94,"male",4279.22722872931
2052,95,"male",10214.1047332393
2053,0,"male",35354.5856775
2053,1,"male",35509.2664404901
2053,2,"male",35809.1596831979
2053,3,"male",36153.7336888958
2053,4,"male",36539.4778853413
2053,5,"male",36883.4706110251
2053,6,"male",37279.6397669061
2053,7,"male",37841.9760089349
2053,8,"male",38261.3354651819
2053,9,"male",38495.0595520088
2053,10,"male",38852.6291392754
2053,11,"male",39054.9695207704
2053,12,"male",39284.0107748741
2053,13,"male",39516.5626012203
2053,14,"male",39767.9442368191
2053,15,"male",35476.2974340436
2053,16,"male",35838.4628881873
2053,17,"male",36362.4503297394
2053,18,"male",36955.2534794761
2053,19,"male",37538.8765235466
2053,20,"male",37981.9624078909
2053,21,"male",38330.049321112
2053,22,"male",38643.5320279345
2053,23,"male",38956.5801686512
2053,24,"male",39242.5016277286
2053,25,"male",39611.0235145368
2053,26,"male",39867.8559673185
2053,27,"male",40151.5910415058
2053,28,"male",40471.2057132777
2053,29,"male",40263.5533661622
2053,30,"male",41010.9794388005
2053,31,"male",43050.1386137203
2053,32,"male",44184.1260552724
2053,33,"male",43996.2705786697
2053,34,"male",45247.1606416276
2053,35,"male",45359.4364779382
2053,36,"male",46074.496181189
2053,37,"male",46772.1977661821
2053,38,"male",47417.7338970314
2053,39,"male",47721.2867724778
2053,40,"male",48322.3293396789
2053,41,"male",48606.7021094591
2053,42,"male",48935.8120465013
2053,43,"male",49193.2120262519
2053,44,"male",48772.8685595166
2053,45,"male",48668.0695623713
2053,46,"male",46986.9062013022
2053,47,"male",44269.8423119021
2053,48,"male",43368.8611495739
2053,49,"male",42938.608782209
2053,50,"male",41865.2851390154
2053,51,"male",41078.7678458378
2053,52,"male",41687.6746533928
2053,53,"male",41942.5940193955
2053,54,"male",40872.5029200251
2053,55,"male",41425.5330921514
2053,56,"male",41499.7027324444
2053,57,"male",42803.3257765149
2053,58,"male",43182.3236834402
2053,59,"male",43483.711104743
2053,60,"male",44479.0614477467
2053,61,"male",45216.6226954917
2053,62,"male",45133.5462476438
2053,63,"male",44244.8216388297
2053,64,"male",42413.1818501621
2053,65,"male",41471.7944314799
2053,66,"male",40080.7012390349
2053,67,"male",37874.8007107038
2053,68,"male",36492.9085546714
2053,69,"male",35655.9357646417
2053,70,"male",34393.1256402948
2053,71,"male",32745.7884527835
2053,72,"male",31515.4449860482
2053,73,"male",30214.5549230903
2053,74,"male",28774.7580525776
2053,75,"male",27110.3721311251
2053,76,"male",26802.1239499095
2053,77,"male",25890.3228932475
2053,78,"male",25358.5218365855
2053,79,"male",25414.9898918854
2053,80,"male",25183.3448926206
2053,81,"male",24869.4485504389
2053,82,"male",23976.9186988135
2053,83,"male",22035.8882986076
2053,84,"male",20778.8244092075
2053,85,"male",18979.034363204
2053,86,"male",17176.6165416954
2053,87,"male",15636.3432435841
2053,88,"male",14195.4531806263
2053,89,"male",12806.7495025586
2053,90,"male",11197.0900817168
2053,91,"male",9404.01363386887
2053,92,"male",7600.48168916882
2053,93,"male",5875.4010551716
2053,94,"male",4539.22722872931
2053,95,"male",10714.1047332393
2054,0,"male",35294.5856775
2054,1,"male",35439.2664404901
2054,2,"male",35739.1596831979
2054,3,"male",36103.7336888958
2054,4,"male",36509.4778853413
2054,5,"male",36863.4706110251
2054,6,"male",37299.6397669061
2054,7,"male",37881.9760089349
2054,8,"male",38341.3354651819
2054,9,"male",38605.0595520088
2054,10,"male",39002.6291392754
2054,11,"male",39244.9695207704
2054,12,"male",39504.0107748741
2054,13,"male",39766.5626012203
2054,14,"male",40027.9442368191
2054,15,"male",35746.2974340436
2054,16,"male",36088.4628881873
2054,17,"male",36592.4503297394
2054,18,"male",37155.2534794761
2054,19,"male",37708.8765235466
2054,20,"male",38111.9624078909
2054,21,"male",38440.049321112
2054,22,"male",38723.5320279345
2054,23,"male",39016.5801686512
2054,24,"male",39302.5016277286
2054,25,"male",39661.0235145368
2054,26,"male",39937.8559673185
2054,27,"male",40241.5910415058
2054,28,"male",40601.2057132777
2054,29,"male",40983.5533661622
2054,30,"male",40920.9794388005
2054,31,"male",41550.1386137203
2054,32,"male",43574.1260552724
2054,33,"male",44716.2705786697
2054,34,"male",44537.1606416276
2054,35,"male",45759.4364779382
2054,36,"male",45914.496181189
2054,37,"male",46592.1977661821
2054,38,"male",47287.7338970314
2054,39,"male",47901.2867724778
2054,40,"male",48112.3293396789
2054,41,"male",48716.7021094591
2054,42,"male",48955.8120465013
2054,43,"male",49243.2120262519
2054,44,"male",49422.8685595166
2054,45,"male",48898.0695623713
2054,46,"male",48786.9062013022
2054,47,"male",47069.8423119021
2054,48,"male",44318.8611495739
2054,49,"male",43368.608782209
2054,50,"male",42895.2851390154
2054,51,"male",41828.7678458378
2054,52,"male",41007.6746533928
2054,53,"male",41622.5940193955
2054,54,"male",41872.5029200251
2054,55,"male",40805.5330921514
2054,56,"male",41369.7027324444
2054,57,"male",41433.3257765149
2054,58,"male",42752.3236834402
2054,59,"male",43153.711104743
2054,60,"male",43449.0614477467
2054,61,"male",44436.6226954917
2054,62,"male",45163.5462476438
2054,63,"male",45064.8216388297
2054,64,"male",44153.1818501621
2054,65,"male",42301.7944314799
2054,66,"male",41340.7012390349
2054,67,"male",39934.8007107038
2054,68,"male",37702.9085546714
2054,69,"male",36305.9357646417
2054,70,"male",35423.1256402948
2054,71,"male",34145.7884527835
2054,72,"male",32475.4449860482
2054,73,"male",31214.5549230903
2054,74,"male",29884.7580525776
2054,75,"male",28400.3721311251
2054,76,"male",26722.1239499095
2054,77,"male",26350.3228932475
2054,78,"male",25378.5218365855
2054,79,"male",24784.9898918854
2054,80,"male",24753.3448926206
2054,81,"male",24409.4485504389
2054,82,"male",23976.9186988135
2054,83,"male",22995.8882986076
2054,84,"male",20968.8244092075
2054,85,"male",19589.034363204
2054,86,"male",17716.6165416954
2054,87,"male",15826.3432435841
2054,88,"male",14215.4531806263
2054,89,"male",12686.7495025586
2054,90,"male",11237.0900817168
2054,91,"male",9614.01363386887
2054,92,"male",7880.48168916882
2054,93,"male",6215.4010551716
2054,94,"male",4679.22722872931
2054,95,"male",11284.1047332393
2055,0,"male",35234.5856775
2055,1,"male",35379.2664404901
2055,2,"male",35679.1596831979
2055,3,"male",36033.7336888958
2055,4,"male",36449.4778853413
2055,5,"male",36833.4706110251
2055,6,"male",37279.6397669061
2055,7,"male",37891.9760089349
2055,8,"male",38381.3354651819
2055,9,"male",38685.0595520088
2055,10,"male",39122.6291392754
2055,11,"male",39404.9695207704
2055,12,"male",39704.0107748741
2055,13,"male",39986.5626012203
2055,14,"male",40287.9442368191
2055,15,"male",36006.2974340436
2055,16,"male",36358.4628881873
2055,17,"male",36842.4503297394
2055,18,"male",37385.2534794761
2055,19,"male",37918.8765235466
2055,20,"male",38281.9624078909
2055,21,"male",38570.049321112
2055,22,"male",38823.5320279345
2055,23,"male",39096.5801686512
2055,24,"male",39362.5016277286
2055,25,"male",39721.0235145368
2055,26,"male",39997.8559673185
2055,27,"male",40321.5910415058
2055,28,"male",40691.2057132777
2055,29,"male",41113.5533661622
2055,30,"male",41640.9794388005
2055,31,"male",41460.1386137203
2055,32,"male",42084.1260552724
2055,33,"male",44106.2705786697
2055,34,"male",45257.1606416276
2055,35,"male",45059.4364779382
2055,36,"male",46304.496181189
2055,37,"male",46432.1977661821
2055,38,"male",47117.7338970314
2055,39,"male",47771.2867724778
2055,40,"male",48292.3293396789
2055,41,"male",48506.7021094591
2055,42,"male",49055.8120465013
2055,43,"male",49263.2120262519
2055,44,"male",49472.8685595166
2055,45,"male",49538.0695623713
2055,46,"male",49016.9062013022
2055,47,"male",48869.8423119021
2055,48,"male",47118.8611495739
2055,49,"male",44318.608782209
2055,50,"male",43325.2851390154
2055,51,"male",42858.7678458378
2055,52,"male",41757.6746533928
2055,53,"male",40942.5940193955
2055,54,"male",41562.5029200251
2055,55,"male",41805.5330921514
2055,56,"male",40749.7027324444
2055,57,"male",41313.3257765149
2055,58,"male",41392.3236834402
2055,59,"male",42713.711104743
2055,60,"male",43119.0614477467
2055,61,"male",43406.6226954917
2055,62,"male",44393.5462476438
2055,63,"male",45104.8216388297
2055,64,"male",44983.1818501621
2055,65,"male",44041.7944314799
2055,66,"male",42180.7012390349
2055,67,"male",41194.8007107038
2055,68,"male",39762.9085546714
2055,69,"male",37515.9357646417
2055,70,"male",36083.1256402948
2055,71,"male",35175.7884527835
2055,72,"male",33865.4449860482
2055,73,"male",32164.5549230903
2055,74,"male",30874.7580525776
2055,75,"male",29510.3721311251
2055,76,"male",28002.1239499095
2055,77,"male",26280.3228932475
2055,78,"male",25848.5218365855
2055,79,"male",24814.9898918854
2055,80,"male",24143.3448926206
2055,81,"male",24009.4485504389
2055,82,"male",23556.9186988135
2055,83,"male",23015.8882986076
2055,84,"male",21898.8244092075
2055,85,"male",19789.034363204
2055,86,"male",18306.6165416954
2055,87,"male",16336.3432435841
2055,88,"male",14385.4531806263
2055,89,"male",12716.7495025586
2055,90,"male",11137.0900817168
2055,91,"male",9654.01363386887
2055,92,"male",8070.48168916882
2055,93,"male",6455.4010551716
2055,94,"male",4969.22722872931
2055,95,"male",11824.1047332393
2056,0,"male",35184.5856775
2056,1,"male",35319.2664404901
2056,2,"male",35609.1596831979
2056,3,"male",35973.7336888958
2056,4,"male",36389.4778853413
2056,5,"male",36783.4706110251
2056,6,"male",37249.6397669061
2056,7,"male",37881.9760089349
2056,8,"male",38401.3354651819
2056,9,"male",38735.0595520088
2056,10,"male",39212.6291392754
2056,11,"male",39524.9695207704
2056,12,"male",39864.0107748741
2056,13,"male",40186.5626012203
2056,14,"male",40507.9442368191
2056,15,"male",36266.2974340436
2056,16,"male",36628.4628881873
2056,17,"male",37112.4503297394
2056,18,"male",37645.2534794761
2056,19,"male",38148.8765235466
2056,20,"male",38491.9624078909
2056,21,"male",38750.049321112
2056,22,"male",38963.5320279345
2056,23,"male",39206.5801686512
2056,24,"male",39452.5016277286
2056,25,"male",39791.0235145368
2056,26,"male",40057.8559673185
2056,27,"male",40381.5910415058
2056,28,"male",40771.2057132777
2056,29,"male",41213.5533661622
2056,30,"male",41770.9794388005
2056,31,"male",42190.1386137203
2056,32,"male",41994.1260552724
2056,33,"male",42616.2705786697
2056,34,"male",44647.1606416276
2056,35,"male",45769.4364779382
2056,36,"male",45614.496181189
2056,37,"male",46832.1977661821
2056,38,"male",46957.7338970314
2056,39,"male",47601.2867724778
2056,40,"male",48172.3293396789
2056,41,"male",48696.7021094591
2056,42,"male",48855.8120465013
2056,43,"male",49363.2120262519
2056,44,"male",49492.8685595166
2056,45,"male",49598.0695623713
2056,46,"male",49666.9062013022
2056,47,"male",49109.8423119021
2056,48,"male",48918.8611495739
2056,49,"male",47118.608782209
2056,50,"male",44275.2851390154
2056,51,"male",43288.7678458378
2056,52,"male",42787.6746533928
2056,53,"male",41692.5940193955
2056,54,"male",40882.5029200251
2056,55,"male",41495.5330921514
2056,56,"male",41749.7027324444
2056,57,"male",40693.3257765149
2056,58,"male",41272.3236834402
2056,59,"male",41363.711104743
2056,60,"male",42689.0614477467
2056,61,"male",43086.6226954917
2056,62,"male",43363.5462476438
2056,63,"male",44334.8216388297
2056,64,"male",45013.1818501621
2056,65,"male",44861.7944314799
2056,66,"male",43910.7012390349
2056,67,"male",42024.8007107038
2056,68,"male",41022.9085546714
2056,69,"male",39565.9357646417
2056,70,"male",37283.1256402948
2056,71,"male",35825.7884527835
2056,72,"male",34895.4449860482
2056,73,"male",33554.5549230903
2056,74,"male",31824.7580525776
2056,75,"male",30490.3721311251
2056,76,"male",29102.1239499095
2056,77,"male",27550.3228932475
2056,78,"male",25788.5218365855
2056,79,"male",25284.9898918854
2056,80,"male",24193.3448926206
2056,81,"male",23429.4485504389
2056,82,"male",23176.9186988135
2056,83,"male",22625.8882986076
2056,84,"male",21928.8244092075
2056,85,"male",20679.034363204
2056,86,"male",18506.6165416954
2056,87,"male",16896.3432435841
2056,88,"male",14875.4531806263
2056,89,"male",12886.7495025586
2056,90,"male",11167.0900817168
2056,91,"male",9574.01363386887
2056,92,"male",8110.48168916882
2056,93,"male",6615.4010551716
2056,94,"male",5169.22722872931
2056,95,"male",12444.1047332393
2057,0,"male",35154.5856775
2057,1,"male",35269.2664404901
2057,2,"male",35559.1596831979
2057,3,"male",35913.7336888958
2057,4,"male",36329.4778853413
2057,5,"male",36723.4706110251
2057,6,"male",37199.6397669061
2057,7,"male",37851.9760089349
2057,8,"male",38391.3354651819
2057,9,"male",38755.0595520088
2057,10,"male",39262.6291392754
2057,11,"male",39604.9695207704
2057,12,"male",39984.0107748741
2057,13,"male",40346.5626012203
2057,14,"male",40707.9442368191
2057,15,"male",36496.2974340436
2057,16,"male",36878.4628881873
2057,17,"male",37382.4503297394
2057,18,"male",37915.2534794761
2057,19,"male",38408.8765235466
2057,20,"male",38731.9624078909
2057,21,"male",38970.049321112
2057,22,"male",39143.5320279345
2057,23,"male",39356.5801686512
2057,24,"male",39572.5016277286
2057,25,"male",39881.0235145368
2057,26,"male",40137.8559673185
2057,27,"male",40441.5910415058
2057,28,"male",40831.2057132777
2057,29,"male",41283.5533661622
2057,30,"male",41870.9794388005
2057,31,"male",42320.1386137203
2057,32,"male",42724.1260552724
2057,33,"male",42526.2705786697
2057,34,"male",43167.1606416276
2057,35,"male",45169.4364779382
2057,36,"male",46334.496181189
2057,37,"male",46142.1977661821
2057,38,"male",47357.7338970314
2057,39,"male",47451.2867724778
2057,40,"male",48002.3293396789
2057,41,"male",48576.7021094591
2057,42,"male",49045.8120465013
2057,43,"male",49163.2120262519
2057,44,"male",49602.8685595166
2057,45,"male",49618.0695623713
2057,46,"male",49726.9062013022
2057,47,"male",49759.8423119021
2057,48,"male",49148.8611495739
2057,49,"male",48918.608782209
2057,50,"male",47075.2851390154
2057,51,"male",44238.7678458378
2057,52,"male",43217.6746533928
2057,53,"male",42722.5940193955
2057,54,"male",41632.5029200251
2057,55,"male",40815.5330921514
2057,56,"male",41439.7027324444
2057,57,"male",41703.3257765149
2057,58,"male",40652.3236834402
2057,59,"male",41243.711104743
2057,60,"male",41349.0614477467
2057,61,"male",42656.6226954917
2057,62,"male",43053.5462476438
2057,63,"male",43314.8216388297
2057,64,"male",44253.1818501621
2057,65,"male",44901.7944314799
2057,66,"male",44740.7012390349
2057,67,"male",43764.8007107038
2057,68,"male",41852.9085546714
2057,69,"male",40825.9357646417
2057,70,"male",39333.1256402948
2057,71,"male",37035.7884527835
2057,72,"male",35545.4449860482
2057,73,"male",34574.5549230903
2057,74,"male",33204.7580525776
2057,75,"male",31440.3721311251
2057,76,"male",30082.1239499095
2057,77,"male",28640.3228932475
2057,78,"male",27038.5218365855
2057,79,"male",25234.9898918854
2057,80,"male",24653.3448926206
2057,81,"male",23489.4485504389
2057,82,"male",22636.9186988135
2057,83,"male",22275.8882986076
2057,84,"male",21568.8244092075
2057,85,"male",20729.034363204
2057,86,"male",19356.6165416954
2057,87,"male",17086.3432435841
2057,88,"male",15395.4531806263
2057,89,"male",13326.7495025586
2057,90,"male",11337.0900817168
2057,91,"male",9614.01363386887
2057,92,"male",8060.48168916882
2057,93,"male",6665.4010551716
2057,94,"male",5299.22722872931
2057,95,"male",13074.1047332393
2058,0,"male",35144.5856775
2058,1,"male",35239.2664404901
2058,2,"male",35509.1596831979
2058,3,"male",35863.7336888958
2058,4,"male",36269.4778853413
2058,5,"male",36663.4706110251
2058,6,"male",37149.6397669061
2058,7,"male",37811.9760089349
2058,8,"male",38361.3354651819
2058,9,"male",38745.0595520088
2058,10,"male",39282.6291392754
2058,11,"male",39664.9695207704
2058,12,"male",40074.0107748741
2058,13,"male",40476.5626012203
2058,14,"male",40877.9442368191
2058,15,"male",36696.2974340436
2058,16,"male",37108.4628881873
2058,17,"male",37642.4503297394
2058,18,"male",38185.2534794761
2058,19,"male",38688.8765235466
2058,20,"male",39001.9624078909
2058,21,"male",39210.049321112
2058,22,"male",39363.5320279345
2058,23,"male",39536.5801686512
2058,24,"male",39712.5016277286
2058,25,"male",40001.0235145368
2058,26,"male",40227.8559673185
2058,27,"male",40521.5910415058
2058,28,"male",40901.2057132777
2058,29,"male",41353.5533661622
2058,30,"male",41950.9794388005
2058,31,"male",42420.1386137203
2058,32,"male",42854.1260552724
2058,33,"male",43256.2705786697
2058,34,"male",43077.1606416276
2058,35,"male",43689.4364779382
2058,36,"male",45734.496181189
2058,37,"male",46862.1977661821
2058,38,"male",46667.7338970314
2058,39,"male",47851.2867724778
2058,40,"male",47852.3293396789
2058,41,"male",48406.7021094591
2058,42,"male",48925.8120465013
2058,43,"male",49353.2120262519
2058,44,"male",49402.8685595166
2058,45,"male",49738.0695623713
2058,46,"male",49746.9062013022
2058,47,"male",49819.8423119021
2058,48,"male",49798.8611495739
2058,49,"male",49158.608782209
2058,50,"male",48875.2851390154
2058,51,"male",47028.7678458378
2058,52,"male",44167.6746533928
2058,53,"male",43152.5940193955
2058,54,"male",42662.5029200251
2058,55,"male",41565.5330921514
2058,56,"male",40769.7027324444
2058,57,"male",41393.3257765149
2058,58,"male",41662.3236834402
2058,59,"male",40633.711104743
2058,60,"male",41229.0614477467
2058,61,"male",41326.6226954917
2058,62,"male",42633.5462476438
2058,63,"male",43004.8216388297
2058,64,"male",43243.1818501621
2058,65,"male",44151.7944314799
2058,66,"male",44790.7012390349
2058,67,"male",44594.8007107038
2058,68,"male",43582.9085546714
2058,69,"male",41655.9357646417
2058,70,"male",40583.1256402948
2058,71,"male",39065.7884527835
2058,72,"male",36745.4449860482
2058,73,"male",35234.5549230903
2058,74,"male",34224.7580525776
2058,75,"male",32810.3721311251
2058,76,"male",31022.1239499095
2058,77,"male",29610.3228932475
2058,78,"male",28118.5218365855
2058,79,"male",26474.9898918854
2058,80,"male",24613.3448926206
2058,81,"male",23949.4485504389
2058,82,"male",22696.9186988135
2058,83,"male",21765.8882986076
2058,84,"male",21248.8244092075
2058,85,"male",20399.034363204
2058,86,"male",19416.6165416954
2058,87,"male",17886.3432435841
2058,88,"male",15585.4531806263
2058,89,"male",13806.7495025586
2058,90,"male",11737.0900817168
2058,91,"male",9764.01363386887
2058,92,"male",8100.48168916882
2058,93,"male",6625.4010551716
2058,94,"male",5339.22722872931
2058,95,"male",13644.1047332393
2059,0,"male",35154.5856775
2059,1,"male",35229.2664404901
2059,2,"male",35489.1596831979
2059,3,"male",35823.7336888958
2059,4,"male",36219.4778853413
2059,5,"male",36603.4706110251
2059,6,"male",37089.6397669061
2059,7,"male",37751.9760089349
2059,8,"male",38321.3354651819
2059,9,"male",38725.0595520088
2059,10,"male",39272.6291392754
2059,11,"male",39684.9695207704
2059,12,"male",40124.0107748741
2059,13,"male",40566.5626012203
2059,14,"male",40997.9442368191
2059,15,"male",36856.2974340436
2059,16,"male",37318.4628881873
2059,17,"male",37882.4503297394
2059,18,"male",38455.2534794761
2059,19,"male",38958.8765235466
2059,20,"male",39281.9624078909
2059,21,"male",39480.049321112
2059,22,"male",39613.5320279345
2059,23,"male",39756.5801686512
2059,24,"male",39902.5016277286
2059,25,"male",40151.0235145368
2059,26,"male",40347.8559673185
2059,27,"male",40621.5910415058
2059,28,"male",40981.2057132777
2059,29,"male",41433.5533661622
2059,30,"male",42030.9794388005
2059,31,"male",42510.1386137203
2059,32,"male",42964.1260552724
2059,33,"male",43396.2705786697
2059,34,"male",43817.1606416276
2059,35,"male",43609.4364779382
2059,36,"male",44254.496181189
2059,37,"male",46272.1977661821
2059,38,"male",47397.7338970314
2059,39,"male",47171.2867724778
2059,40,"male",48262.3293396789
2059,41,"male",48266.7021094591
2059,42,"male",48765.8120465013
2059,43,"male",49243.2120262519
2059,44,"male",49602.8685595166
2059,45,"male",49538.0695623713
2059,46,"male",49866.9062013022
2059,47,"male",49849.8423119021
2059,48,"male",49868.8611495739
2059,49,"male",49808.608782209
2059,50,"male",49115.2851390154
2059,51,"male",48828.7678458378
2059,52,"male",46967.6746533928
2059,53,"male",44112.5940193955
2059,54,"male",43092.5029200251
2059,55,"male",42605.5330921514
2059,56,"male",41519.7027324444
2059,57,"male",40723.3257765149
2059,58,"male",41352.3236834402
2059,59,"male",41643.711104743
2059,60,"male",40629.0614477467
2059,61,"male",41206.6226954917
2059,62,"male",41303.5462476438
2059,63,"male",42584.8216388297
2059,64,"male",42943.1818501621
2059,65,"male",43151.7944314799
2059,66,"male",44040.7012390349
2059,67,"male",44644.8007107038
2059,68,"male",44412.9085546714
2059,69,"male",43385.9357646417
2059,70,"male",41413.1256402948
2059,71,"male",40315.7884527835
2059,72,"male",38775.4449860482
2059,73,"male",36424.5549230903
2059,74,"male",34884.7580525776
2059,75,"male",33830.3721311251
2059,76,"male",32382.1239499095
2059,77,"male",30550.3228932475
2059,78,"male",29078.5218365855
2059,79,"male",27534.9898918854
2059,80,"male",25833.3448926206
2059,81,"male",23919.4485504389
2059,82,"male",23156.9186988135
2059,83,"male",21835.8882986076
2059,84,"male",20778.8244092075
2059,85,"male",20109.034363204
2059,86,"male",19116.6165416954
2059,87,"male",17956.3432435841
2059,88,"male",16325.4531806263
2059,89,"male",13996.7495025586
2059,90,"male",12167.0900817168
2059,91,"male",10124.0136338689
2059,92,"male",8240.48168916882
2059,93,"male",6665.4010551716
2059,94,"male",5319.22722872931
2059,95,"male",14104.1047332393
2060,0,"male",35184.5856775
2060,1,"male",35239.2664404901
2060,2,"male",35479.1596831979
2060,3,"male",35793.7336888958
2060,4,"male",36179.4778853413
2060,5,"male",36553.4706110251
2060,6,"male",37039.6397669061
2060,7,"male",37701.9760089349
2060,8,"male",38271.3354651819
2060,9,"male",38685.0595520088
2060,10,"male",39252.6291392754
2060,11,"male",39684.9695207704
2060,12,"male",40154.0107748741
2060,13,"male",40616.5626012203
2060,14,"male",41087.9442368191
2060,15,"male",36986.2974340436
2060,16,"male",37478.4628881873
2060,17,"male",38082.4503297394
2060,18,"male",38695.2534794761
2060,19,"male",39228.8765235466
2060,20,"male",39561.9624078909
2060,21,"male",39760.049321112
2060,22,"male",39883.5320279345
2060,23,"male",40016.5801686512
2060,24,"male",40132.5016277286
2060,25,"male",40351.0235145368
2060,26,"male",40507.8559673185
2060,27,"male",40751.5910415058
2060,28,"male",41081.2057132777
2060,29,"male",41513.5533661622
2060,30,"male",42100.9794388005
2060,31,"male",42590.1386137203
2060,32,"male",43054.1260552724
2060,33,"male",43506.2705786697
2060,34,"male",43957.1606416276
2060,35,"male",44339.4364779382
2060,36,"male",44174.496181189
2060,37,"male",44802.1977661821
2060,38,"male",46797.7338970314
2060,39,"male",47901.2867724778
2060,40,"male",47582.3293396789
2060,41,"male",48676.7021094591
2060,42,"male",48625.8120465013
2060,43,"male",49083.2120262519
2060,44,"male",49482.8685595166
2060,45,"male",49738.0695623713
2060,46,"male",49676.9062013022
2060,47,"male",49959.8423119021
2060,48,"male",49898.8611495739
2060,49,"male",49878.608782209
2060,50,"male",49765.2851390154
2060,51,"male",49068.7678458378
2060,52,"male",48757.6746533928
2060,53,"male",46902.5940193955
2060,54,"male",44052.5029200251
2060,55,"male",43035.5330921514
2060,56,"male",42549.7027324444
2060,57,"male",41473.3257765149
2060,58,"male",40692.3236834402
2060,59,"male",41343.711104743
2060,60,"male",41629.0614477467
2060,61,"male",40616.6226954917
2060,62,"male",41193.5462476438
2060,63,"male",41264.8216388297
2060,64,"male",42533.1818501621
2060,65,"male",42851.7944314799
2060,66,"male",43050.7012390349
2060,67,"male",43904.8007107038
2060,68,"male",44472.9085546714
2060,69,"male",44215.9357646417
2060,70,"male",43133.1256402948
2060,71,"male",41155.7884527835
2060,72,"male",40015.4449860482
2060,73,"male",38444.5549230903
2060,74,"male",36074.7580525776
2060,75,"male",34490.3721311251
2060,76,"male",33392.1239499095
2060,77,"male",31900.3228932475
2060,78,"male",30018.5218365855
2060,79,"male",28494.9898918854
2060,80,"male",26883.3448926206
2060,81,"male",25119.4485504389
2060,82,"male",23146.9186988135
2060,83,"male",22295.8882986076
2060,84,"male",20858.8244092075
2060,85,"male",19679.034363204
2060,86,"male",18866.6165416954
2060,87,"male",17706.3432435841
2060,88,"male",16405.4531806263
2060,89,"male",14676.7495025586
2060,90,"male",12347.0900817168
2060,91,"male",10514.0136338689
2060,92,"male",8550.48168916882
2060,93,"male",6785.4010551716
2060,94,"male",5359.22722872931
2060,95,"male",14434.1047332393
2061,0,"male",35234.5856775
2061,1,"male",35269.2664404901
2061,2,"male",35489.1596831979
2061,3,"male",35783.7336888958
2061,4,"male",36159.4778853413
2061,5,"male",36523.4706110251
2061,6,"male",36989.6397669061
2061,7,"male",37651.9760089349
2061,8,"male",38221.3354651819
2061,9,"male",38635.0595520088
2061,10,"male",39212.6291392754
2061,11,"male",39654.9695207704
2061,12,"male",40154.0107748741
2061,13,"male",40646.5626012203
2061,14,"male",41147.9442368191
2061,15,"male",37076.2974340436
2061,16,"male",37608.4628881873
2061,17,"male",38252.4503297394
2061,18,"male",38895.2534794761
2061,19,"male",39468.8765235466
2061,20,"male",39831.9624078909
2061,21,"male",40040.049321112
2061,22,"male",40173.5320279345
2061,23,"male",40286.5801686512
2061,24,"male",40382.5016277286
2061,25,"male",40581.0235145368
2061,26,"male",40707.8559673185
2061,27,"male",40911.5910415058
2061,28,"male",41211.2057132777
2061,29,"male",41613.5533661622
2061,30,"male",42190.9794388005
2061,31,"male",42660.1386137203
2061,32,"male",43134.1260552724
2061,33,"male",43596.2705786697
2061,34,"male",44067.1606416276
2061,35,"male",44489.4364779382
2061,36,"male",44914.496181189
2061,37,"male",44722.1977661821
2061,38,"male",45337.7338970314
2061,39,"male",47311.2867724778
2061,40,"male",48312.3293396789
2061,41,"male",47996.7021094591
2061,42,"male",49035.8120465013
2061,43,"male",48943.2120262519
2061,44,"male",49332.8685595166
2061,45,"male",49628.0695623713
2061,46,"male",49866.9062013022
2061,47,"male",49769.8423119021
2061,48,"male",50008.8611495739
2061,49,"male",49908.608782209
2061,50,"male",49835.2851390154
2061,51,"male",49728.7678458378
2061,52,"male",49007.6746533928
2061,53,"male",48692.5940193955
2061,54,"male",46832.5029200251
2061,55,"male",43995.5330921514
2061,56,"male",42989.7027324444
2061,57,"male",42503.3257765149
2061,58,"male",41442.3236834402
2061,59,"male",40683.711104743
2061,60,"male",41329.0614477467
2061,61,"male",41616.6226954917
2061,62,"male",40593.5462476438
2061,63,"male",41164.8216388297
2061,64,"male",41223.1818501621
2061,65,"male",42441.7944314799
2061,66,"male",42750.7012390349
2061,67,"male",42924.8007107038
2061,68,"male",43742.9085546714
2061,69,"male",44275.9357646417
2061,70,"male",43963.1256402948
2061,71,"male",42865.7884527835
2061,72,"male",40855.4449860482
2061,73,"male",39684.5549230903
2061,74,"male",38074.7580525776
2061,75,"male",35670.3721311251
2061,76,"male",34052.1239499095
2061,77,"male",32900.3228932475
2061,78,"male",31348.5218365855
2061,79,"male",29414.9898918854
2061,80,"male",27823.3448926206
2061,81,"male",26149.4485504389
2061,82,"male",24306.9186988135
2061,83,"male",22295.8882986076
2061,84,"male",21308.8244092075
2061,85,"male",19769.034363204
2061,86,"male",18476.6165416954
2061,87,"male",17486.3432435841
2061,88,"male",16185.4531806263
2061,89,"male",14756.7495025586
2061,90,"male",12957.0900817168
2061,91,"male",10674.0136338689
2061,92,"male",8880.48168916882
2061,93,"male",7045.4010551716
2061,94,"male",5459.22722872931
2061,95,"male",14714.1047332393
2062,0,"male",35294.5856775
2062,1,"male",35319.2664404901
2062,2,"male",35519.1596831979
2062,3,"male",35793.7336888958
2062,4,"male",36149.4778853413
2062,5,"male",36493.4706110251
2062,6,"male",36949.6397669061
2062,7,"male",37601.9760089349
2062,8,"male",38161.3354651819
2062,9,"male",38585.0595520088
2062,10,"male",39162.6291392754
2062,11,"male",39624.9695207704
2062,12,"male",40134.0107748741
2062,13,"male",40646.5626012203
2062,14,"male",41177.9442368191
2062,15,"male",37136.2974340436
2062,16,"male",37708.4628881873
2062,17,"male",38392.4503297394
2062,18,"male",39075.2534794761
2062,19,"male",39678.8765235466
2062,20,"male",40071.9624078909
2062,21,"male",40320.049321112
2062,22,"male",40463.5320279345
2062,23,"male",40576.5801686512
2062,24,"male",40662.5016277286
2062,25,"male",40841.0235145368
2062,26,"male",40937.8559673185
2062,27,"male",41111.5910415058
2062,28,"male",41381.2057132777
2062,29,"male",41753.5533661622
2062,30,"male",42300.9794388005
2062,31,"male",42750.1386137203
2062,32,"male",43214.1260552724
2062,33,"male",43676.2705786697
2062,34,"male",44157.1606416276
2062,35,"male",44609.4364779382
2062,36,"male",45064.496181189
2062,37,"male",45462.1977661821
2062,38,"male",45267.7338970314
2062,39,"male",45841.2867724778
2062,40,"male",47722.3293396789
2062,41,"male",48726.7021094591
2062,42,"male",48365.8120465013
2062,43,"male",49363.2120262519
2062,44,"male",49192.8685595166
2062,45,"male",49468.0695623713
2062,46,"male",49766.9062013022
2062,47,"male",49969.8423119021
2062,48,"male",49828.8611495739
2062,49,"male",50028.608782209
2062,50,"male",49865.2851390154
2062,51,"male",49798.7678458378
2062,52,"male",49657.6746533928
2062,53,"male",48942.5940193955
2062,54,"male",48632.5029200251
2062,55,"male",46775.5330921514
2062,56,"male",43939.7027324444
2062,57,"male",42943.3257765149
2062,58,"male",42472.3236834402
2062,59,"male",41433.711104743
2062,60,"male",40679.0614477467
2062,61,"male",41326.6226954917
2062,62,"male",41603.5462476438
2062,63,"male",40574.8216388297
2062,64,"male",41113.1818501621
2062,65,"male",41141.7944314799
2062,66,"male",42350.7012390349
2062,67,"male",42634.8007107038
2062,68,"male",42772.9085546714
2062,69,"male",43555.9357646417
2062,70,"male",44033.1256402948
2062,71,"male",43695.7884527835
2062,72,"male",42565.4449860482
2062,73,"male",40514.5549230903
2062,74,"male",39314.7580525776
2062,75,"male",37660.3721311251
2062,76,"male",35232.1239499095
2062,77,"male",33560.3228932475
2062,78,"male",32348.5218365855
2062,79,"male",30734.9898918854
2062,80,"male",28743.3448926206
2062,81,"male",27079.4485504389
2062,82,"male",25326.9186988135
2062,83,"male",23425.8882986076
2062,84,"male",21318.8244092075
2062,85,"male",20209.034363204
2062,86,"male",18576.6165416954
2062,87,"male",17136.3432435841
2062,88,"male",15995.4531806263
2062,89,"male",14576.7495025586
2062,90,"male",13047.0900817168
2062,91,"male",11214.0136338689
2062,92,"male",9030.48168916882
2062,93,"male",7335.4010551716
2062,94,"male",5669.22722872931
2062,95,"male",14994.1047332393
2063,0,"male",35384.5856775
2063,1,"male",35389.2664404901
2063,2,"male",35569.1596831979
2063,3,"male",35833.7336888958
2063,4,"male",36169.4778853413
2063,5,"male",36493.4706110251
2063,6,"male",36929.6397669061
2063,7,"male",37571.9760089349
2063,8,"male",38121.3354651819
2063,9,"male",38535.0595520088
2063,10,"male",39112.6291392754
2063,11,"male",39574.9695207704
2063,12,"male",40094.0107748741
2063,13,"male",40626.5626012203
2063,14,"male",41177.9442368191
2063,15,"male",37166.2974340436
2063,16,"male",37768.4628881873
2063,17,"male",38482.4503297394
2063,18,"male",39205.2534794761
2063,19,"male",39858.8765235466
2063,20,"male",40291.9624078909
2063,21,"male",40570.049321112
2063,22,"male",40733.5320279345
2063,23,"male",40876.5801686512
2063,24,"male",40962.5016277286
2063,25,"male",41121.0235145368
2063,26,"male",41197.8559673185
2063,27,"male",41341.5910415058
2063,28,"male",41581.2057132777
2063,29,"male",41913.5533661622
2063,30,"male",42430.9794388005
2063,31,"male",42860.1386137203
2063,32,"male",43304.1260552724
2063,33,"male",43766.2705786697
2063,34,"male",44247.1606416276
2063,35,"male",44699.4364779382
2063,36,"male",45184.496181189
2063,37,"male",45612.1977661821
2063,38,"male",46007.7338970314
2063,39,"male",45781.2867724778
2063,40,"male",46262.3293396789
2063,41,"male",48146.7021094591
2063,42,"male",49095.8120465013
2063,43,"male",48683.2120262519
2063,44,"male",49612.8685595166
2063,45,"male",49338.0695623713
2063,46,"male",49616.9062013022
2063,47,"male",49869.8423119021
2063,48,"male",50028.8611495739
2063,49,"male",49848.608782209
2063,50,"male",49995.2851390154
2063,51,"male",49838.7678458378
2063,52,"male",49737.6746533928
2063,53,"male",49602.5940193955
2063,54,"male",48882.5029200251
2063,55,"male",48575.5330921514
2063,56,"male",46719.7027324444
2063,57,"male",43903.3257765149
2063,58,"male",42912.3236834402
2063,59,"male",42463.711104743
2063,60,"male",41429.0614477467
2063,61,"male",40666.6226954917
2063,62,"male",41313.5462476438
2063,63,"male",41574.8216388297
2063,64,"male",40533.1818501621
2063,65,"male",41041.7944314799
2063,66,"male",41060.7012390349
2063,67,"male",42234.8007107038
2063,68,"male",42482.9085546714
2063,69,"male",42595.9357646417
2063,70,"male",43323.1256402948
2063,71,"male",43765.7884527835
2063,72,"male",43395.4449860482
2063,73,"male",42224.5549230903
2063,74,"male",40144.7580525776
2063,75,"male",38890.3721311251
2063,76,"male",37202.1239499095
2063,77,"male",34730.3228932475
2063,78,"male",33008.5218365855
2063,79,"male",31724.9898918854
2063,80,"male",30043.3448926206
2063,81,"male",27979.4485504389
2063,82,"male",26236.9186988135
2063,83,"male",24415.8882986076
2063,84,"male",22418.8244092075
2063,85,"male",20229.034363204
2063,86,"male",18996.6165416954
2063,87,"male",17246.3432435841
2063,88,"male",15695.4531806263
2063,89,"male",14416.7495025586
2063,90,"male",12897.0900817168
2063,91,"male",11304.0136338689
2063,92,"male",9490.48168916882
2063,93,"male",7455.4010551716
2063,94,"male",5909.22722872931
2063,95,"male",15394.1047332393
2064,0,"male",35484.5856775
2064,1,"male",35479.2664404901
2064,2,"male",35639.1596831979
2064,3,"male",35883.7336888958
2064,4,"male",36199.4778853413
2064,5,"male",36513.4706110251
2064,6,"male",36929.6397669061
2064,7,"male",37551.9760089349
2064,8,"male",38091.3354651819
2064,9,"male",38495.0595520088
2064,10,"male",39072.6291392754
2064,11,"male",39524.9695207704
2064,12,"male",40054.0107748741
2064,13,"male",40596.5626012203
2064,14,"male",41167.9442368191
2064,15,"male",37176.2974340436
2064,16,"male",37798.4628881873
2064,17,"male",38552.4503297394
2064,18,"male",39315.2534794761
2064,19,"male",39998.8765235466
2064,20,"male",40471.9624078909
2064,21,"male",40790.049321112
2064,22,"male",40993.5320279345
2064,23,"male",41156.5801686512
2064,24,"male",41262.5016277286
2064,25,"male",41421.0235145368
2064,26,"male",41487.8559673185
2064,27,"male",41611.5910415058
2064,28,"male",41821.2057132777
2064,29,"male",42123.5533661622
2064,30,"male",42600.9794388005
2064,31,"male",43000.1386137203
2064,32,"male",43414.1260552724
2064,33,"male",43856.2705786697
2064,34,"male",44327.1606416276
2064,35,"male",44789.4364779382
2064,36,"male",45284.496181189
2064,37,"male",45732.1977661821
2064,38,"male",46157.7338970314
2064,39,"male",46521.2867724778
2064,40,"male",46202.3293396789
2064,41,"male",46686.7021094591
2064,42,"male",48515.8120465013
2064,43,"male",49423.2120262519
2064,44,"male",48942.8685595166
2064,45,"male",49758.0695623713
2064,46,"male",49476.9062013022
2064,47,"male",49719.8423119021
2064,48,"male",49928.8611495739
2064,49,"male",50048.608782209
2064,50,"male",49805.2851390154
2064,51,"male",49958.7678458378
2064,52,"male",49767.6746533928
2064,53,"male",49672.5940193955
2064,54,"male",49542.5029200251
2064,55,"male",48825.5330921514
2064,56,"male",48519.7027324444
2064,57,"male",46683.3257765149
2064,58,"male",43872.3236834402
2064,59,"male",42903.711104743
2064,60,"male",42469.0614477467
2064,61,"male",41426.6226954917
2064,62,"male",40663.5462476438
2064,63,"male",41294.8216388297
2064,64,"male",41533.1818501621
2064,65,"male",40461.7944314799
2064,66,"male",40970.7012390349
2064,67,"male",40954.8007107038
2064,68,"male",42102.9085546714
2064,69,"male",42315.9357646417
2064,70,"male",42373.1256402948
2064,71,"male",43065.7884527835
2064,72,"male",43475.4449860482
2064,73,"male",43054.5549230903
2064,74,"male",41834.7580525776
2064,75,"male",39720.3721311251
2064,76,"male",38432.1239499095
2064,77,"male",36680.3228932475
2064,78,"male",34168.5218365855
2064,79,"male",32374.9898918854
2064,80,"male",31013.3448926206
2064,81,"male",29259.4485504389
2064,82,"male",27126.9186988135
2064,83,"male",25305.8882986076
2064,84,"male",23378.8244092075
2064,85,"male",21289.034363204
2064,86,"male",19036.6165416954
2064,87,"male",17646.3432435841
2064,88,"male",15805.4531806263
2064,89,"male",14156.7495025586
2064,90,"male",12767.0900817168
2064,91,"male",11184.0136338689
2064,92,"male",9580.48168916882
2064,93,"male",7855.4010551716
2064,94,"male",6019.22722872931
2064,95,"male",15884.1047332393
2065,0,"male",35594.5856775
2065,1,"male",35579.2664404901
2065,2,"male",35729.1596831979
2065,3,"male",35953.7336888958
2065,4,"male",36259.4778853413
2065,5,"male",36543.4706110251
2065,6,"male",36949.6397669061
2065,7,"male",37551.9760089349
2065,8,"male",38081.3354651819
2065,9,"male",38465.0595520088
2065,10,"male",39032.6291392754
2065,11,"male",39484.9695207704
2065,12,"male",40004.0107748741
2065,13,"male",40556.5626012203
2065,14,"male",41137.9442368191
2065,15,"male",37166.2974340436
2065,16,"male",37808.4628881873
2065,17,"male",38582.4503297394
2065,18,"male",39375.2534794761
2065,19,"male",40108.8765235466
2065,20,"male",40621.9624078909
2065,21,"male",40970.049321112
2065,22,"male",41213.5320279345
2065,23,"male",41416.5801686512
2065,24,"male",41542.5016277286
2065,25,"male",41721.0235145368
2065,26,"male",41787.8559673185
2065,27,"male",41901.5910415058
2065,28,"male",42091.2057132777
2065,29,"male",42363.5533661622
2065,30,"male",42810.9794388005
2065,31,"male",43180.1386137203
2065,32,"male",43554.1260552724
2065,33,"male",43976.2705786697
2065,34,"male",44427.1606416276
2065,35,"male",44879.4364779382
2065,36,"male",45374.496181189
2065,37,"male",45842.1977661821
2065,38,"male",46287.7338970314
2065,39,"male",46681.2867724778
2065,40,"male",46942.3293396789
2065,41,"male",46626.7021094591
2065,42,"male",47065.8120465013
2065,43,"male",48843.2120262519
2065,44,"male",49682.8685595166
2065,45,"male",49088.0695623713
2065,46,"male",49896.9062013022
2065,47,"male",49589.8423119021
2065,48,"male",49778.8611495739
2065,49,"male",49948.608782209
2065,50,"male",50015.2851390154
2065,51,"male",49778.7678458378
2065,52,"male",49897.6746533928
2065,53,"male",49712.5940193955
2065,54,"male",49612.5029200251
2065,55,"male",49485.5330921514
2065,56,"male",48769.7027324444
2065,57,"male",48473.3257765149
2065,58,"male",46642.3236834402
2065,59,"male",43863.711104743
2065,60,"male",42909.0614477467
2065,61,"male",42456.6226954917
2065,62,"male",41423.5462476438
2065,63,"male",40654.8216388297
2065,64,"male",41253.1818501621
2065,65,"male",41471.7944314799
2065,66,"male",40390.7012390349
2065,67,"male",40864.8007107038
2065,68,"male",40822.9085546714
2065,69,"male",41935.9357646417
2065,70,"male",42103.1256402948
2065,71,"male",42135.7884527835
2065,72,"male",42785.4449860482
2065,73,"male",43134.5549230903
2065,74,"male",42664.7580525776
2065,75,"male",41410.3721311251
2065,76,"male",39262.1239499095
2065,77,"male",37900.3228932475
2065,78,"male",36098.5218365855
2065,79,"male",33524.9898918854
2065,80,"male",31673.3448926206
2065,81,"male",30219.4485504389
2065,82,"male",28376.9186988135
2065,83,"male",26175.8882986076
2065,84,"male",24248.8244092075
2065,85,"male",22219.034363204
2065,86,"male",20046.6165416954
2065,87,"male",17696.3432435841
2065,88,"male",16185.4531806263
2065,89,"male",14266.7495025586
2065,90,"male",12547.0900817168
2065,91,"male",11084.0136338689
2065,92,"male",9480.48168916882
2065,93,"male",7925.4010551716
2065,94,"male",6339.22722872931
2065,95,"male",16344.1047332393
